Date,Description,Debit,Credit,Amount,sub-category,Category,Category Type,Unnamed: 8,Unnamed: 9,Data validation,Unnamed: 11,Unnamed: 12,Source
2022-01-06,recharge,15.0,0.0,-15.0,mobile phones,Living Expenses,Expenses,,,,,,original
2022-01-07,petrol,500.0,0.0,-500.0,petrol,Transport,Expenses,,,,,,original
2022-01-09,travel,1706.0,0.0,-1706.0,travelling,Transport,Expenses,,,,,,original
2022-01-11,fixed deposit,0.0,13500.0,13500.0,fixed deposit,Savings,Income,,,,,,original
2022-02-01,salary,0.0,20900.0,20900.0,salary,Salary,Income,,,Sub category,Category,Category type,original
2022-02-02,salary,0.0,20900.0,20900.0,salary,Salary,Income,,,petrol,transport,expenses,original
2022-02-03,food,500.0,0.0,-500.0,groceries & foods,Living Expenses,Expenses,,,,,,original
2022-02-03,salary,0.0,20900.0,20900.0,salary,Salary,Income,,,,,,original
2022-02-04,salary,0.0,20900.0,20900.0,salary,Salary,Income,,,,,,original
2022-02-05,gas,1000.0,0.0,-1000.0,gas,Living Expenses,Expenses,,,,,,original
2022-02-05,salary,0.0,20900.0,20900.0,salary,Salary,Income,,,,,,original
2022-02-06,salary,0.0,20900.0,20900.0,salary,Salary,Income,,,,,,original
2022-02-07,travel,2550.0,0.0,-2550.0,travelling,Transport,Expenses,,,,,,original
2022-02-07,salary,0.0,20900.0,20900.0,salary,Salary,Income,,,,,,original
2022-02-07,electricity bill,93.0,0.0,-93.0,electricity bill,Living Expenses,Expenses,,,,,,original
2022-02-08,salary,0.0,20900.0,20900.0,salary,Salary,Income,,,,,,original
2022-02-09,salary,0.0,20900.0,20900.0,salary,Salary,Income,,,,,,original
2022-02-10,salary,0.0,20900.0,20900.0,salary,Salary,Income,,,,,,original
2022-02-11,salary,0.0,20900.0,20900.0,salary,Salary,Income,,,,,,original
2022-02-12,salary,0.0,20900.0,20900.0,salary,Salary,Income,,,,,,original
2022-03-02,recharge,151.0,0.0,-151.0,mobile phones,Living Expenses,Expenses,,,Donation,charity,expenses,original
2022-03-03,petrol,1000.0,0.0,-1000.0,petrol,Transport,Expenses,,,,,,original
2022-04-03,other,1150.0,0.0,-1150.0,other ,Other Expenses,Expenses,,,,,,original
2022-04-09,gas,1000.0,0.0,-1000.0,gas,Living Expenses,Expenses,,,,,,original
2022-04-10,travel,1676.0,0.0,-1676.0,travelling,Transport,Expenses,,,,,,original
2022-04-12,medical,43.0,0.0,-43.0,health,Medical,Expenses,,,,,,original
2022-04-12,medical,3500.0,0.0,-3500.0,health,Medical,Expenses,,,,,,original
2022-04-27,,,,1115.76,,Fashion,Income,,,,,,synthetic
2022-04-28,,,,-1834.44,,Salary,Saving,,,,,,synthetic
2022-04-28,,,,3151.09,,Transport,Income,,,,,,synthetic
2022-04-30,,,,2818.83,,Fashion,Income,,,,,,synthetic
2022-04-30,,,,-194.6,,Medical,Expenses,,,,,,synthetic
2022-05-01,,,,-1335.27,,Salary,Saving,,,,,,synthetic
2022-05-01,,,,-2310.42,,Medical,Expenses,,,,,,synthetic
2022-05-01,,,,-2490.3,,Fashion,Saving,,,,,,synthetic
2022-05-01,,,,-1154.58,,Living Expenses,Saving,,,,,,synthetic
2022-05-02,,,,-1294.51,,Savings,Saving,,,,,,synthetic
2022-05-02,,,,-1061.98,,Medical,Expenses,,,,,,synthetic
2022-05-02,,,,-200.44,,Fashion,Expenses,,,,,,synthetic
2022-05-03,,,,-804.9,,Fashion,Saving,,,,,,synthetic
2022-05-04,,,,-1955.69,,Transport,Expenses,,,,,,synthetic
2022-05-04,,,,3424.11,,Transport,Income,,,,,,synthetic
2022-05-04,,,,-1387.81,,Transport,Expenses,,,,,,synthetic
2022-05-05,,,,-717.33,,Medical,Expenses,,,,,,synthetic
2022-05-05,,,,2517.3,,Other Expenses,Income,,,,,,synthetic
2022-05-05,,,,-2795.48,,Living Expenses,Expenses,,,,,,synthetic
2022-05-06,,,,-2982.49,,Salary,Saving,,,,,,synthetic
2022-05-07,,,,2774.67,,Medical,Income,,,,,,synthetic
2022-05-07,,,,-656.97,,Transport,Expenses,,,,,,synthetic
2022-05-09,,,,4263.11,,Living Expenses,Income,,,,,,synthetic
2022-05-12,,,,-154.82,,Transport,Expenses,,,,,,synthetic
2022-05-13,,,,-1279.39,,Living Expenses,Saving,,,,,,synthetic
2022-05-15,,,,-2283.57,,Medical,Saving,,,,,,synthetic
2022-05-15,,,,2676.77,,Fashion,Income,,,,,,synthetic
2022-05-16,,,,-798.22,,Medical,Expenses,,,,,,synthetic
2022-05-18,,,,-2302.19,,Salary,Saving,,,,,,synthetic
2022-05-19,,,,-899.79,,Other Expenses,Saving,,,,,,synthetic
2022-05-21,,,,-2014.38,,Salary,Expenses,,,,,,synthetic
2022-05-22,,,,280.11,,Medical,Income,,,,,,synthetic
2022-05-22,,,,-2266.19,,Living Expenses,Expenses,,,,,,synthetic
2022-05-23,,,,-2341.77,,Living Expenses,Expenses,,,,,,synthetic
2022-05-24,,,,-2528.01,,Transport,Expenses,,,,,,synthetic
2022-05-24,,,,-2745.04,,Medical,Expenses,,,,,,synthetic
2022-05-24,,,,-241.09,,Other Expenses,Saving,,,,,,synthetic
2022-05-26,,,,-2292.28,,Living Expenses,Expenses,,,,,,synthetic
2022-05-26,,,,-2439.07,,Fashion,Expenses,,,,,,synthetic
2022-05-26,,,,-2368.12,,Salary,Expenses,,,,,,synthetic
2022-05-28,,,,366.32,,Transport,Income,,,,,,synthetic
2022-05-29,,,,-1502.62,,Transport,Saving,,,,,,synthetic
2022-05-29,,,,-744.76,,Transport,Saving,,,,,,synthetic
2022-05-30,,,,-1826.5,,Other Expenses,Expenses,,,,,,synthetic
2022-05-31,,,,-1547.07,,Savings,Saving,,,,,,synthetic
2022-06-01,,,,238.7,,Transport,Income,,,,,,synthetic
2022-06-01,,,,3157.53,,Transport,Income,,,,,,synthetic
2022-06-01,,,,-185.21,,Savings,Expenses,,,,,,synthetic
2022-06-01,,,,-1219.48,,Other Expenses,Saving,,,,,,synthetic
2022-06-02,,,,945.97,,Savings,Income,,,,,,synthetic
2022-06-02,,,,3469.64,,Fashion,Income,,,,,,synthetic
2022-06-02,,,,-46.52,,Salary,Saving,,,,,,synthetic
2022-06-03,,,,-602.73,,Savings,Saving,,,,,,synthetic
2022-06-03,other,1000.0,0.0,-1000.0,other ,Other Expenses,Expenses,,,,,,original
2022-06-04,,,,2447.99,,Medical,Income,,,,,,synthetic
2022-06-04,electricity bill,93.0,0.0,-93.0,electricity bill,Living Expenses,Expenses,,,,,,original
2022-06-05,,,,-2117.23,,Fashion,Saving,,,,,,synthetic
2022-06-05,,,,-428.96,,Other Expenses,Expenses,,,,,,synthetic
2022-06-05,,,,2722.43,,Savings,Income,,,,,,synthetic
2022-06-06,,,,-195.44,,Fashion,Saving,,,,,,synthetic
2022-06-06,,,,-1682.34,,Medical,Expenses,,,,,,synthetic
2022-06-06,,,,-1476.05,,Savings,Expenses,,,,,,synthetic
2022-06-07,,,,-324.59,,Medical,Expenses,,,,,,synthetic
2022-06-08,,,,3270.3,,Savings,Income,,,,,,synthetic
2022-06-09,,,,4183.13,,Living Expenses,Income,,,,,,synthetic
2022-06-10,clothes,250.0,0.0,-250.0,clothes,Fashion,Expenses,,,,,,original
2022-06-11,,,,-1356.87,,Living Expenses,Saving,,,,,,synthetic
2022-06-12,,,,-522.53,,Savings,Saving,,,,,,synthetic
2022-06-14,,,,1787.28,,Living Expenses,Income,,,,,,synthetic
2022-06-15,,,,2850.81,,Savings,Income,,,,,,synthetic
2022-06-16,,,,3735.51,,Salary,Income,,,,,,synthetic
2022-06-16,,,,720.33,,Other Expenses,Income,,,,,,synthetic
2022-06-18,,,,-1981.0,,Fashion,Saving,,,,,,synthetic
2022-06-18,,,,2183.85,,Salary,Income,,,,,,synthetic
2022-06-19,,,,-1337.78,,Salary,Expenses,,,,,,synthetic
2022-06-19,,,,3416.84,,Other Expenses,Income,,,,,,synthetic
2022-06-19,,,,-530.72,,Salary,Saving,,,,,,synthetic
2022-06-20,,,,-2897.48,,Living Expenses,Expenses,,,,,,synthetic
2022-06-21,,,,-873.73,,Transport,Saving,,,,,,synthetic
2022-06-21,,,,3750.35,,Fashion,Income,,,,,,synthetic
2022-06-22,,,,4076.47,,Salary,Income,,,,,,synthetic
2022-06-23,,,,-301.63,,Salary,Expenses,,,,,,synthetic
2022-06-23,,,,-1238.13,,Other Expenses,Expenses,,,,,,synthetic
2022-06-24,,,,-786.83,,Fashion,Expenses,,,,,,synthetic
2022-06-24,,,,-1526.12,,Fashion,Expenses,,,,,,synthetic
2022-06-25,,,,3065.17,,Fashion,Income,,,,,,synthetic
2022-06-27,,,,-1389.52,,Fashion,Expenses,,,,,,synthetic
2022-06-27,,,,1177.08,,Medical,Income,,,,,,synthetic
2022-06-28,,,,-475.36,,Transport,Saving,,,,,,synthetic
2022-06-30,,,,4286.44,,Savings,Income,,,,,,synthetic
2022-07-01,,,,-2480.3,,Medical,Saving,,,,,,synthetic
2022-07-02,electricity bill,93.0,0.0,-93.0,electricity bill,Living Expenses,Expenses,,,Gas,living expenses,expenses,original
2022-07-02,,,,1621.98,,Salary,Income,,,,,,synthetic
2022-07-02,,,,617.73,,Fashion,Income,,,,,,synthetic
2022-07-02,,,,4698.37,,Salary,Income,,,,,,synthetic
2022-07-03,electricity bill,93.0,0.0,-93.0,electricity bill,Living Expenses,Expenses,,,,,,original
2022-07-04,recharge,211.0,0.0,-211.0,mobile phones,Living Expenses,Expenses,,,,,,original
2022-07-04,,,,-2507.48,,Other Expenses,Expenses,,,,,,synthetic
2022-07-04,,,,1970.81,,Transport,Income,,,,,,synthetic
2022-07-05,,,,-1150.24,,Transport,Saving,,,,,,synthetic
2022-07-06,recharge,30.0,0.0,-30.0,mobile phones,Living Expenses,Expenses,,,,,,original
2022-07-06,,,,-772.15,,Salary,Expenses,,,,,,synthetic
2022-07-07,,,,-208.39,,Living Expenses,Saving,,,,,,synthetic
2022-07-07,,,,2048.94,,Savings,Income,,,,,,synthetic
2022-07-08,,,,3448.16,,Fashion,Income,,,,,,synthetic
2022-07-09,,,,-561.55,,Medical,Expenses,,,,,,synthetic
2022-07-09,,,,-240.76,,Transport,Expenses,,,,,,synthetic
2022-07-09,,,,-1115.28,,Fashion,Expenses,,,,,,synthetic
2022-07-11,,,,2491.78,,Living Expenses,Income,,,,,,synthetic
2022-07-11,,,,1521.99,,Salary,Income,,,,,,synthetic
2022-07-11,,,,4293.41,,Fashion,Income,,,,,,synthetic
2022-07-11,,,,-325.71,,Medical,Expenses,,,,,,synthetic
2022-07-12,,,,-337.52,,Other Expenses,Expenses,,,,,,synthetic
2022-07-12,,,,-489.08,,Transport,Expenses,,,,,,synthetic
2022-07-13,,,,-366.04,,Other Expenses,Expenses,,,,,,synthetic
2022-07-16,,,,4359.12,,Medical,Income,,,,,,synthetic
2022-07-19,,,,3722.22,,Transport,Income,,,,,,synthetic
2022-07-19,,,,1984.85,,Other Expenses,Income,,,,,,synthetic
2022-07-21,,,,-2942.84,,Fashion,Saving,,,,,,synthetic
2022-07-24,,,,1999.58,,Transport,Income,,,,,,synthetic
2022-07-24,,,,-1110.01,,Transport,Saving,,,,,,synthetic
2022-07-25,,,,-1190.25,,Medical,Saving,,,,,,synthetic
2022-07-27,,,,-977.08,,Medical,Expenses,,,,,,synthetic
2022-07-27,,,,4190.33,,Salary,Income,,,,,,synthetic
2022-07-29,,,,2439.07,,Other Expenses,Income,,,,,,synthetic
2022-07-30,,,,-1958.61,,Transport,Expenses,,,,,,synthetic
2022-07-31,,,,-1348.83,,Other Expenses,Expenses,,,,,,synthetic
2022-08-02,,,,-2530.95,,Savings,Saving,,,,,,synthetic
2022-08-02,,,,-1622.21,,Fashion,Saving,,,,,,synthetic
2022-08-03,,,,-1253.15,,Salary,Expenses,,,,,,synthetic
2022-08-05,,,,-2805.58,,Other Expenses,Saving,,,,,,synthetic
2022-08-06,recharge,30.0,0.0,-30.0,mobile phones,Living Expenses,Expenses,,,,,,original
2022-08-06,,,,3657.5,,Living Expenses,Income,,,,,,synthetic
2022-08-07,,,,-2191.06,,Transport,Expenses,,,,,,synthetic
2022-08-07,,,,-2279.57,,Savings,Saving,,,,,,synthetic
2022-08-10,,,,-430.84,,Transport,Saving,,,,,,synthetic
2022-08-10,shopping,1247.0,0.0,-1247.0,clothes,Fashion,Expenses,,,,,,original
2022-08-10,,,,-1412.87,,Savings,Expenses,,,,,,synthetic
2022-08-10,food,500.0,0.0,-500.0,groceries & foods,Living Expenses,Expenses,,,,,,original
2022-08-12,,,,2358.72,,Other Expenses,Income,,,,,,synthetic
2022-08-13,,,,-2458.78,,Savings,Saving,,,,,,synthetic
2022-08-13,,,,-2473.55,,Transport,Expenses,,,,,,synthetic
2022-08-14,,,,-1440.83,,Salary,Saving,,,,,,synthetic
2022-08-15,,,,955.57,,Salary,Income,,,,,,synthetic
2022-08-17,,,,-426.63,,Other Expenses,Expenses,,,,,,synthetic
2022-08-17,,,,1342.38,,Fashion,Income,,,,,,synthetic
2022-08-18,,,,3842.28,,Medical,Income,,,,,,synthetic
2022-08-20,,,,-834.9,,Medical,Saving,,,,,,synthetic
2022-08-20,,,,-399.32,,Other Expenses,Saving,,,,,,synthetic
2022-08-20,,,,-2581.63,,Other Expenses,Saving,,,,,,synthetic
2022-08-21,,,,1433.46,,Other Expenses,Income,,,,,,synthetic
2022-08-22,,,,3862.92,,Savings,Income,,,,,,synthetic
2022-08-22,,,,-715.6,,Salary,Saving,,,,,,synthetic
2022-08-22,,,,-1925.69,,Living Expenses,Saving,,,,,,synthetic
2022-08-24,,,,-627.6,,Transport,Saving,,,,,,synthetic
2022-08-24,,,,-2348.95,,Salary,Expenses,,,,,,synthetic
2022-08-24,,,,-2900.19,,Medical,Expenses,,,,,,synthetic
2022-08-26,,,,-2542.59,,Living Expenses,Saving,,,,,,synthetic
2022-08-26,,,,-1834.71,,Transport,Saving,,,,,,synthetic
2022-08-26,,,,782.98,,Salary,Income,,,,,,synthetic
2022-08-27,,,,-438.08,,Transport,Expenses,,,,,,synthetic
2022-08-27,,,,-313.85,,Transport,Expenses,,,,,,synthetic
2022-08-27,,,,4742.06,,Living Expenses,Income,,,,,,synthetic
2022-08-30,,,,-2855.95,,Other Expenses,Expenses,,,,,,synthetic
2022-08-30,,,,-1536.3,,Living Expenses,Saving,,,,,,synthetic
2022-08-30,,,,3636.89,,Savings,Income,,,,,,synthetic
2022-08-31,,,,-460.68,,Medical,Saving,,,,,,synthetic
2022-09-02,paid to someone,500.0,0.0,-500.0,other ,Other Expenses,Expenses,,,other ,other expenses,expenses,original
2022-09-03,,,,-2369.79,,Salary,Expenses,,,,,,synthetic
2022-09-05,,,,-1947.3,,Fashion,Saving,,,,,,synthetic
2022-09-05,,,,4558.1,,Fashion,Income,,,,,,synthetic
2022-09-05,,,,-2470.8,,Savings,Expenses,,,,,,synthetic
2022-09-05,,,,3975.44,,Medical,Income,,,,,,synthetic
2022-09-05,,,,-1782.43,,Other Expenses,Expenses,,,,,,synthetic
2022-09-06,,,,3342.02,,Other Expenses,Income,,,,,,synthetic
2022-09-06,,,,-454.85,,Living Expenses,Saving,,,,,,synthetic
2022-09-06,recharge,30.0,0.0,-30.0,mobile phones,Living Expenses,Expenses,,,,,,original
2022-09-07,,,,-2174.89,,Savings,Saving,,,,,,synthetic
2022-09-07,,,,4875.1,,Savings,Income,,,,,,synthetic
2022-09-08,,,,-1436.99,,Fashion,Saving,,,,,,synthetic
2022-09-09,,,,-2593.88,,Medical,Expenses,,,,,,synthetic
2022-09-09,,,,-1482.0,,Medical,Expenses,,,,,,synthetic
2022-09-09,,,,-2065.97,,Transport,Saving,,,,,,synthetic
2022-09-10,,,,-2643.35,,Other Expenses,Expenses,,,,,,synthetic
2022-09-10,,,,-1974.0,,Fashion,Saving,,,,,,synthetic
2022-09-10,,,,-2544.95,,Salary,Expenses,,,,,,synthetic
2022-09-11,,,,2318.17,,Medical,Income,,,,,,synthetic
2022-09-11,food,163.0,0.0,-163.0,groceries & foods,Living Expenses,Expenses,,,,,,original
2022-09-13,,,,3262.13,,Savings,Income,,,,,,synthetic
2022-09-14,,,,-1032.83,,Medical,Expenses,,,,,,synthetic
2022-09-16,,,,1979.38,,Other Expenses,Income,,,,,,synthetic
2022-09-16,,,,1270.03,,Medical,Income,,,,,,synthetic
2022-09-18,,,,-1481.97,,Fashion,Saving,,,,,,synthetic
2022-09-18,,,,-2096.7,,Other Expenses,Saving,,,,,,synthetic
2022-09-18,,,,1125.26,,Salary,Income,,,,,,synthetic
2022-09-19,,,,4943.14,,Other Expenses,Income,,,,,,synthetic
2022-09-19,,,,-2114.04,,Living Expenses,Expenses,,,,,,synthetic
2022-09-19,,,,-1755.73,,Other Expenses,Expenses,,,,,,synthetic
2022-09-19,,,,4706.86,,Fashion,Income,,,,,,synthetic
2022-09-20,,,,-1077.32,,Medical,Expenses,,,,,,synthetic
2022-09-20,,,,-2534.43,,Salary,Expenses,,,,,,synthetic
2022-09-21,,,,-410.53,,Medical,Saving,,,,,,synthetic
2022-09-21,,,,507.32,,Living Expenses,Income,,,,,,synthetic
2022-09-21,,,,-1882.6,,Living Expenses,Saving,,,,,,synthetic
2022-09-22,,,,2780.52,,Other Expenses,Income,,,,,,synthetic
2022-09-22,,,,-2178.43,,Medical,Saving,,,,,,synthetic
2022-09-22,,,,-2906.8,,Living Expenses,Expenses,,,,,,synthetic
2022-09-23,,,,1045.28,,Medical,Income,,,,,,synthetic
2022-09-23,,,,4669.57,,Living Expenses,Income,,,,,,synthetic
2022-09-25,,,,-2183.45,,Fashion,Expenses,,,,,,synthetic
2022-09-26,,,,-225.4,,Salary,Expenses,,,,,,synthetic
2022-09-29,,,,1923.1,,Transport,Income,,,,,,synthetic
2022-09-29,,,,-1230.16,,Medical,Saving,,,,,,synthetic
2022-09-29,,,,-1699.26,,Other Expenses,Saving,,,,,,synthetic
2022-09-30,,,,3308.65,,Savings,Income,,,,,,synthetic
2022-10-01,,,,-516.6,,Fashion,Expenses,,,,,,synthetic
2022-10-01,,,,-2183.63,,Salary,Expenses,,,,,,synthetic
2022-10-01,,,,-1046.65,,Fashion,Saving,,,,,,synthetic
2022-10-02,other,500.0,0.0,-500.0,other ,Other Expenses,Expenses,,,,,,original
2022-10-03,,,,-1331.86,,Transport,Expenses,,,,,,synthetic
2022-10-03,,,,-808.27,,Other Expenses,Saving,,,,,,synthetic
2022-10-03,,,,-2212.5,,Salary,Saving,,,,,,synthetic
2022-10-03,,,,4192.51,,Salary,Income,,,,,,synthetic
2022-10-03,,,,-2955.96,,Living Expenses,Expenses,,,,,,synthetic
2022-10-03,,,,-244.55,,Medical,Saving,,,,,,synthetic
2022-10-04,,,,4962.83,,Salary,Income,,,,,,synthetic
2022-10-04,,,,-2824.61,,Other Expenses,Saving,,,,,,synthetic
2022-10-04,fixed deposit,0.0,17820.0,17820.0,fixed deposit,Savings,Saving,,,,,,original
2022-10-05,,,,-1801.7,,Other Expenses,Saving,,,,,,synthetic
2022-10-05,,,,-2143.97,,Savings,Expenses,,,,,,synthetic
2022-10-06,,,,-1500.25,,Savings,Saving,,,,,,synthetic
2022-10-07,,,,-1755.88,,Medical,Expenses,,,,,,synthetic
2022-10-08,,,,-733.57,,Medical,Expenses,,,,,,synthetic
2022-10-08,,,,-662.65,,Salary,Expenses,,,,,,synthetic
2022-10-09,,,,-2115.79,,Savings,Saving,,,,,,synthetic
2022-10-09,,,,-2803.09,,Salary,Expenses,,,,,,synthetic
2022-10-09,,,,-1330.43,,Salary,Expenses,,,,,,synthetic
2022-10-09,,,,-2924.15,,Medical,Saving,,,,,,synthetic
2022-10-11,,,,-1131.1,,Living Expenses,Expenses,,,,,,synthetic
2022-10-11,,,,-882.55,,Medical,Expenses,,,,,,synthetic
2022-10-12,,,,2339.74,,Savings,Income,,,,,,synthetic
2022-10-12,,,,-2261.93,,Living Expenses,Expenses,,,,,,synthetic
2022-10-13,,,,-101.8,,Salary,Expenses,,,,,,synthetic
2022-10-15,,,,2097.26,,Salary,Income,,,,,,synthetic
2022-10-16,,,,-228.52,,Other Expenses,Expenses,,,,,,synthetic
2022-10-16,,,,-520.01,,Other Expenses,Expenses,,,,,,synthetic
2022-10-16,,,,4847.02,,Transport,Income,,,,,,synthetic
2022-10-21,,,,1336.33,,Living Expenses,Income,,,,,,synthetic
2022-10-22,,,,-2357.12,,Other Expenses,Expenses,,,,,,synthetic
2022-10-22,,,,-1948.97,,Medical,Saving,,,,,,synthetic
2022-10-22,,,,-620.36,,Other Expenses,Saving,,,,,,synthetic
2022-10-22,,,,4104.94,,Medical,Income,,,,,,synthetic
2022-10-23,,,,3258.14,,Other Expenses,Income,,,,,,synthetic
2022-10-24,,,,-1797.3,,Fashion,Expenses,,,,,,synthetic
2022-10-25,,,,-980.3,,Savings,Saving,,,,,,synthetic
2022-10-25,,,,-220.18,,Transport,Expenses,,,,,,synthetic
2022-10-26,,,,3429.42,,Medical,Income,,,,,,synthetic
2022-10-26,,,,4021.89,,Savings,Income,,,,,,synthetic
2022-10-26,,,,-742.9,,Fashion,Saving,,,,,,synthetic
2022-10-28,,,,4514.84,,Medical,Income,,,,,,synthetic
2022-10-29,,,,1932.3,,Transport,Income,,,,,,synthetic
2022-10-29,,,,-119.43,,Medical,Expenses,,,,,,synthetic
2022-10-29,,,,-89.07,,Other Expenses,Expenses,,,,,,synthetic
2022-10-30,,,,4606.63,,Living Expenses,Income,,,,,,synthetic
2022-10-30,,,,4333.29,,Salary,Income,,,,,,synthetic
2022-10-30,,,,-2640.41,,Medical,Saving,,,,,,synthetic
2022-11-01,,,,3622.16,,Fashion,Income,,,,,,synthetic
2022-11-01,,,,-2759.07,,Salary,Saving,,,,,,synthetic
2022-11-02,,,,-897.66,,Fashion,Saving,,,,,,synthetic
2022-11-02,food,1000.0,0.0,-1000.0,groceries & foods,Living Expenses,Expenses,,,,,,original
2022-11-04,recharge,19.0,0.0,-19.0,mobile phones,Living Expenses,Expenses,,,,,,original
2022-11-04,,,,3979.4,,Other Expenses,Income,,,,,,synthetic
2022-11-05,,,,-2656.67,,Salary,Saving,,,,,,synthetic
2022-11-06,,,,4885.79,,Living Expenses,Income,,,,,,synthetic
2022-11-06,,,,-536.14,,Living Expenses,Saving,,,,,,synthetic
2022-11-06,,,,-2799.9,,Transport,Expenses,,,,,,synthetic
2022-11-08,clothes,2000.0,0.0,-2000.0,clothes,Fashion,Expenses,,,,,,original
2022-11-09,,,,1659.8,,Savings,Income,,,,,,synthetic
2022-11-09,,,,-1928.97,,Other Expenses,Expenses,,,,,,synthetic
2022-11-10,,,,-254.37,,Transport,Saving,,,,,,synthetic
2022-11-12,,,,-2049.55,,Medical,Saving,,,,,,synthetic
2022-11-13,,,,-2882.47,,Medical,Expenses,,,,,,synthetic
2022-11-13,,,,-769.21,,Transport,Saving,,,,,,synthetic
2022-11-14,,,,-526.91,,Salary,Expenses,,,,,,synthetic
2022-11-14,,,,-784.84,,Salary,Expenses,,,,,,synthetic
2022-11-15,,,,-2090.97,,Other Expenses,Saving,,,,,,synthetic
2022-11-15,,,,-259.34,,Transport,Saving,,,,,,synthetic
2022-11-15,,,,-2847.49,,Fashion,Expenses,,,,,,synthetic
2022-11-16,,,,-1045.22,,Savings,Expenses,,,,,,synthetic
2022-11-17,,,,4019.25,,Other Expenses,Income,,,,,,synthetic
2022-11-17,,,,4866.99,,Transport,Income,,,,,,synthetic
2022-11-18,,,,-2305.99,,Fashion,Saving,,,,,,synthetic
2022-11-21,,,,-2377.41,,Transport,Expenses,,,,,,synthetic
2022-11-22,,,,1832.92,,Transport,Income,,,,,,synthetic
2022-11-24,,,,-1186.97,,Fashion,Saving,,,,,,synthetic
2022-11-24,,,,4397.23,,Other Expenses,Income,,,,,,synthetic
2022-11-25,,,,448.58,,Fashion,Income,,,,,,synthetic
2022-11-25,,,,-1479.74,,Savings,Saving,,,,,,synthetic
2022-11-25,,,,-1161.25,,Living Expenses,Saving,,,,,,synthetic
2022-11-25,,,,-1189.78,,Transport,Saving,,,,,,synthetic
2022-11-26,,,,-563.19,,Transport,Saving,,,,,,synthetic
2022-11-26,,,,4326.25,,Salary,Income,,,,,,synthetic
2022-11-27,,,,-2023.58,,Fashion,Saving,,,,,,synthetic
2022-11-27,,,,-2162.9,,Transport,Saving,,,,,,synthetic
2022-12-02,food,193.0,0.0,-193.0,groceries & foods,Living Expenses,Expenses,,,,,,original
2022-12-02,,,,-2843.5,,Living Expenses,Expenses,,,,,,synthetic
2022-12-03,,,,-814.83,,Medical,Saving,,,,,,synthetic
2022-12-03,,,,-291.59,,Fashion,Expenses,,,,,,synthetic
2022-12-05,,,,-1877.0,,Fashion,Expenses,,,,,,synthetic
2022-12-05,other,120.0,0.0,-120.0,other ,Other Expenses,Expenses,,,,,,original
2022-12-05,,,,-2807.83,,Living Expenses,Saving,,,,,,synthetic
2022-12-06,,,,-1098.12,,Savings,Saving,,,,,,synthetic
2022-12-06,,,,-2826.93,,Other Expenses,Saving,,,,,,synthetic
2022-12-08,,,,-1904.56,,Living Expenses,Saving,,,,,,synthetic
2022-12-08,,,,-2048.95,,Fashion,Saving,,,,,,synthetic
2022-12-08,,,,-1609.76,,Other Expenses,Saving,,,,,,synthetic
2022-12-09,,,,-2770.5,,Living Expenses,Saving,,,,,,synthetic
2022-12-09,rent received,0.0,3400.0,3400.0,house rent ,Salary,Income,,,,,,original
2022-12-09,,,,2112.64,,Fashion,Income,,,,,,synthetic
2022-12-09,,,,-443.46,,Savings,Saving,,,,,,synthetic
2022-12-10,,,,-1838.58,,Medical,Saving,,,,,,synthetic
2022-12-15,,,,1015.92,,Medical,Income,,,,,,synthetic
2022-12-15,,,,-980.52,,Transport,Saving,,,,,,synthetic
2022-12-16,,,,-1671.26,,Transport,Saving,,,,,,synthetic
2022-12-16,,,,4830.66,,Medical,Income,,,,,,synthetic
2022-12-18,,,,-1280.95,,Medical,Saving,,,,,,synthetic
2022-12-18,,,,2392.58,,Transport,Income,,,,,,synthetic
2022-12-19,,,,-1865.84,,Other Expenses,Expenses,,,,,,synthetic
2022-12-19,,,,2575.46,,Medical,Income,,,,,,synthetic
2022-12-21,,,,-2370.42,,Salary,Expenses,,,,,,synthetic
2022-12-23,,,,-2463.49,,Living Expenses,Saving,,,,,,synthetic
2022-12-23,,,,-432.43,,Medical,Saving,,,,,,synthetic
2022-12-24,,,,-1251.48,,Savings,Expenses,,,,,,synthetic
2022-12-24,,,,-2907.38,,Savings,Expenses,,,,,,synthetic
2022-12-25,,,,-1848.45,,Medical,Saving,,,,,,synthetic
2022-12-25,,,,-869.06,,Fashion,Saving,,,,,,synthetic
2022-12-26,,,,1642.31,,Living Expenses,Income,,,,,,synthetic
2022-12-26,,,,-1793.23,,Living Expenses,Expenses,,,,,,synthetic
2022-12-27,,,,2849.56,,Living Expenses,Income,,,,,,synthetic
2022-12-27,,,,-2043.84,,Other Expenses,Saving,,,,,,synthetic
2022-12-31,,,,-2587.23,,Living Expenses,Expenses,,,,,,synthetic
2022-12-31,,,,-2060.4,,Transport,Expenses,,,,,,synthetic
2022-12-31,,,,4776.34,,Other Expenses,Income,,,,,,synthetic
2022-12-31,,,,-2231.96,,Transport,Saving,,,,,,synthetic
2023-01-01,,,,-1336.68,,Medical,Saving,,,,,,synthetic
2023-01-01,,,,4658.08,,Salary,Income,,,,,,synthetic
2023-01-01,,,,-1464.1,,Other Expenses,Saving,,,,,,synthetic
2023-01-02,,,,-2560.4,,Transport,Expenses,,,,,,synthetic
2023-01-02,,,,1568.3,,Medical,Income,,,,,,synthetic
2023-01-03,,,,-74.33,,Savings,Expenses,,,,,,synthetic
2023-01-03,,,,-1769.63,,Fashion,Saving,,,,,,synthetic
2023-01-03,,,,4622.12,,Salary,Income,,,,,,synthetic
2023-01-04,,,,4104.69,,Medical,Income,,,,,,synthetic
2023-01-04,,,,-2647.26,,Salary,Expenses,,,,,,synthetic
2023-01-05,,,,-535.18,,Medical,Expenses,,,,,,synthetic
2023-01-07,,,,-1536.44,,Fashion,Expenses,,,,,,synthetic
2023-01-07,,,,-2681.53,,Living Expenses,Saving,,,,,,synthetic
2023-01-07,,,,-2301.11,,Living Expenses,Saving,,,,,,synthetic
2023-01-08,,,,-2788.05,,Fashion,Expenses,,,,,,synthetic
2023-01-09,,,,-2615.1,,Salary,Saving,,,,,,synthetic
2023-01-09,,,,1615.56,,Medical,Income,,,,,,synthetic
2023-01-09,,,,4185.84,,Fashion,Income,,,,,,synthetic
2023-01-09,,,,2369.8,,Medical,Income,,,,,,synthetic
2023-01-10,,,,2849.98,,Transport,Income,,,,,,synthetic
2023-01-10,,,,-2436.03,,Medical,Saving,,,,,,synthetic
2023-01-11,,,,-1030.02,,Living Expenses,Expenses,,,,,,synthetic
2023-01-11,,,,2138.12,,Medical,Income,,,,,,synthetic
2023-01-13,,,,-2922.03,,Medical,Expenses,,,,,,synthetic
2023-01-13,,,,-441.46,,Savings,Saving,,,,,,synthetic
2023-01-13,,,,3034.36,,Savings,Income,,,,,,synthetic
2023-01-14,,,,-1755.09,,Savings,Expenses,,,,,,synthetic
2023-01-15,,,,-2398.2,,Savings,Expenses,,,,,,synthetic
2023-01-15,,,,-975.58,,Living Expenses,Expenses,,,,,,synthetic
2023-01-17,,,,-2175.37,,Medical,Expenses,,,,,,synthetic
2023-01-18,,,,-2108.16,,Other Expenses,Expenses,,,,,,synthetic
2023-01-18,,,,-878.89,,Fashion,Expenses,,,,,,synthetic
2023-01-18,,,,768.57,,Salary,Income,,,,,,synthetic
2023-01-19,,,,-2033.37,,Transport,Expenses,,,,,,synthetic
2023-01-19,,,,-883.22,,Fashion,Saving,,,,,,synthetic
2023-01-19,,,,260.79,,Living Expenses,Income,,,,,,synthetic
2023-01-20,,,,-2613.78,,Other Expenses,Saving,,,,,,synthetic
2023-01-20,,,,-1395.81,,Savings,Expenses,,,,,,synthetic
2023-01-20,,,,1777.09,,Medical,Income,,,,,,synthetic
2023-01-21,,,,-2262.13,,Savings,Expenses,,,,,,synthetic
2023-01-23,,,,-2824.37,,Salary,Expenses,,,,,,synthetic
2023-01-23,,,,-2038.49,,Other Expenses,Saving,,,,,,synthetic
2023-01-23,,,,2016.24,,Savings,Income,,,,,,synthetic
2023-01-24,,,,-1210.21,,Transport,Saving,,,,,,synthetic
2023-01-24,,,,-2821.87,,Living Expenses,Saving,,,,,,synthetic
2023-01-25,,,,-1372.07,,Savings,Expenses,,,,,,synthetic
2023-01-27,,,,-1845.7,,Medical,Expenses,,,,,,synthetic
2023-01-27,,,,1783.06,,Salary,Income,,,,,,synthetic
2023-01-28,,,,-2168.1,,Fashion,Saving,,,,,,synthetic
2023-01-28,,,,-1907.01,,Salary,Saving,,,,,,synthetic
2023-01-28,,,,1525.99,,Living Expenses,Income,,,,,,synthetic
2023-01-28,,,,3690.77,,Savings,Income,,,,,,synthetic
2023-01-29,,,,-61.48,,Medical,Expenses,,,,,,synthetic
2023-01-29,,,,-2405.34,,Savings,Saving,,,,,,synthetic
2023-01-30,,,,4603.86,,Savings,Income,,,,,,synthetic
2023-01-31,,,,-1911.66,,Savings,Expenses,,,,,,synthetic
2023-01-31,,,,-727.99,,Other Expenses,Saving,,,,,,synthetic
2023-02-03,,,,-2203.1,,Transport,Expenses,,,,,,synthetic
2023-02-04,,,,-1506.3,,Savings,Expenses,,,,,,synthetic
2023-02-04,,,,-255.51,,Other Expenses,Saving,,,,,,synthetic
2023-02-06,,,,-895.42,,Living Expenses,Saving,,,,,,synthetic
2023-02-07,,,,2900.12,,Transport,Income,,,,,,synthetic
2023-02-08,,,,-655.2,,Salary,Saving,,,,,,synthetic
2023-02-08,,,,-1877.31,,Other Expenses,Expenses,,,,,,synthetic
2023-02-09,,,,-1945.59,,Transport,Expenses,,,,,,synthetic
2023-02-12,,,,-828.35,,Fashion,Expenses,,,,,,synthetic
2023-02-12,,,,-2841.91,,Living Expenses,Saving,,,,,,synthetic
2023-02-13,,,,3000.05,,Living Expenses,Income,,,,,,synthetic
2023-02-13,,,,-1431.09,,Living Expenses,Saving,,,,,,synthetic
2023-02-13,,,,-1577.23,,Savings,Saving,,,,,,synthetic
2023-02-13,,,,-1748.17,,Medical,Saving,,,,,,synthetic
2023-02-14,,,,1344.51,,Salary,Income,,,,,,synthetic
2023-02-14,,,,-1693.14,,Fashion,Expenses,,,,,,synthetic
2023-02-15,,,,-1154.37,,Medical,Expenses,,,,,,synthetic
2023-02-15,,,,-2458.76,,Transport,Expenses,,,,,,synthetic
2023-02-16,,,,2362.51,,Living Expenses,Income,,,,,,synthetic
2023-02-16,,,,990.26,,Transport,Income,,,,,,synthetic
2023-02-17,,,,-1814.02,,Living Expenses,Saving,,,,,,synthetic
2023-02-18,,,,-599.42,,Fashion,Saving,,,,,,synthetic
2023-02-18,,,,-1274.88,,Transport,Expenses,,,,,,synthetic
2023-02-18,,,,1318.39,,Transport,Income,,,,,,synthetic
2023-02-20,,,,-2856.49,,Medical,Expenses,,,,,,synthetic
2023-02-20,,,,-1337.29,,Transport,Saving,,,,,,synthetic
2023-02-22,,,,3903.21,,Fashion,Income,,,,,,synthetic
2023-02-24,,,,-1711.99,,Other Expenses,Expenses,,,,,,synthetic
2023-02-26,,,,3113.91,,Other Expenses,Income,,,,,,synthetic
2023-02-26,,,,4643.67,,Fashion,Income,,,,,,synthetic
2023-02-27,,,,-1398.88,,Savings,Expenses,,,,,,synthetic
2023-02-27,,,,-133.13,,Living Expenses,Expenses,,,,,,synthetic
2023-02-28,,,,4067.73,,Fashion,Income,,,,,,synthetic
2023-02-28,,,,-2765.15,,Medical,Saving,,,,,,synthetic
2023-03-01,,,,-371.23,,Living Expenses,Expenses,,,,,,synthetic
2023-03-01,,,,-752.44,,Savings,Saving,,,,,,synthetic
2023-03-01,,,,-1679.71,,Fashion,Saving,,,,,,synthetic
2023-03-02,,,,-2763.15,,Savings,Saving,,,,,,synthetic
2023-03-03,,,,-2956.76,,Medical,Saving,,,,,,synthetic
2023-03-04,,,,-1850.04,,Salary,Saving,,,,,,synthetic
2023-03-04,,,,2268.7,,Salary,Income,,,,,,synthetic
2023-03-04,,,,-727.89,,Other Expenses,Expenses,,,,,,synthetic
2023-03-05,,,,-2321.58,,Transport,Expenses,,,,,,synthetic
2023-03-07,,,,-1090.15,,Transport,Saving,,,,,,synthetic
2023-03-08,,,,-264.31,,Salary,Saving,,,,,,synthetic
2023-03-09,,,,640.44,,Fashion,Income,,,,,,synthetic
2023-03-09,,,,-2642.8,,Medical,Saving,,,,,,synthetic
2023-03-09,,,,-1852.47,,Fashion,Expenses,,,,,,synthetic
2023-03-11,,,,561.17,,Salary,Income,,,,,,synthetic
2023-03-12,,,,-1852.26,,Fashion,Expenses,,,,,,synthetic
2023-03-13,,,,-1822.39,,Other Expenses,Expenses,,,,,,synthetic
2023-03-13,,,,2240.67,,Medical,Income,,,,,,synthetic
2023-03-14,,,,2160.88,,Living Expenses,Income,,,,,,synthetic
2023-03-14,,,,-28.45,,Living Expenses,Saving,,,,,,synthetic
2023-03-16,,,,989.78,,Savings,Income,,,,,,synthetic
2023-03-17,,,,-2064.5,,Living Expenses,Expenses,,,,,,synthetic
2023-03-17,,,,4583.05,,Salary,Income,,,,,,synthetic
2023-03-20,,,,-1423.41,,Other Expenses,Expenses,,,,,,synthetic
2023-03-22,,,,-539.12,,Fashion,Expenses,,,,,,synthetic
2023-03-22,,,,-164.57,,Salary,Saving,,,,,,synthetic
2023-03-25,,,,1871.98,,Fashion,Income,,,,,,synthetic
2023-03-25,,,,-1066.28,,Medical,Expenses,,,,,,synthetic
2023-03-25,,,,-2102.05,,Salary,Expenses,,,,,,synthetic
2023-03-25,,,,-771.77,,Medical,Expenses,,,,,,synthetic
2023-03-26,,,,-1266.54,,Medical,Saving,,,,,,synthetic
2023-03-26,,,,-1473.81,,Transport,Saving,,,,,,synthetic
2023-03-26,,,,4553.26,,Savings,Income,,,,,,synthetic
2023-03-29,,,,-909.37,,Salary,Saving,,,,,,synthetic
2023-03-30,,,,654.68,,Savings,Income,,,,,,synthetic
2023-03-30,,,,3505.35,,Transport,Income,,,,,,synthetic
2023-03-30,,,,2432.16,,Savings,Income,,,,,,synthetic
2023-03-30,,,,-1098.1,,Living Expenses,Saving,,,,,,synthetic
2023-04-01,,,,-2878.71,,Salary,Expenses,,,,,,synthetic
2023-04-03,,,,589.87,,Medical,Income,,,,,,synthetic
2023-04-03,,,,-1882.77,,Other Expenses,Saving,,,,,,synthetic
2023-04-03,,,,-2497.22,,Medical,Expenses,,,,,,synthetic
2023-04-04,,,,-910.4,,Fashion,Saving,,,,,,synthetic
2023-04-04,,,,-870.04,,Medical,Expenses,,,,,,synthetic
2023-04-04,,,,-297.56,,Medical,Saving,,,,,,synthetic
2023-04-04,,,,-1493.24,,Fashion,Expenses,,,,,,synthetic
2023-04-07,,,,4652.83,,Savings,Income,,,,,,synthetic
2023-04-08,,,,-2008.06,,Transport,Saving,,,,,,synthetic
2023-04-08,,,,-187.22,,Savings,Expenses,,,,,,synthetic
2023-04-09,,,,-1236.72,,Other Expenses,Saving,,,,,,synthetic
2023-04-10,,,,-808.67,,Fashion,Saving,,,,,,synthetic
2023-04-10,,,,-2160.86,,Savings,Saving,,,,,,synthetic
2023-04-10,,,,2215.12,,Savings,Income,,,,,,synthetic
2023-04-11,,,,-80.6,,Savings,Saving,,,,,,synthetic
2023-04-11,,,,-880.03,,Other Expenses,Saving,,,,,,synthetic
2023-04-11,,,,-1417.95,,Living Expenses,Saving,,,,,,synthetic
2023-04-12,,,,-511.69,,Transport,Saving,,,,,,synthetic
2023-04-13,,,,-2935.43,,Medical,Saving,,,,,,synthetic
2023-04-13,,,,-1945.46,,Salary,Saving,,,,,,synthetic
2023-04-14,,,,-1267.97,,Transport,Expenses,,,,,,synthetic
2023-04-15,,,,-2443.29,,Medical,Expenses,,,,,,synthetic
2023-04-16,,,,3994.39,,Fashion,Income,,,,,,synthetic
2023-04-16,,,,1393.55,,Medical,Income,,,,,,synthetic
2023-04-17,,,,-362.95,,Salary,Saving,,,,,,synthetic
2023-04-18,,,,-972.85,,Savings,Expenses,,,,,,synthetic
2023-04-18,,,,3616.68,,Other Expenses,Income,,,,,,synthetic
2023-04-18,,,,925.43,,Savings,Income,,,,,,synthetic
2023-04-19,,,,-569.67,,Transport,Saving,,,,,,synthetic
2023-04-20,,,,-2504.56,,Living Expenses,Expenses,,,,,,synthetic
2023-04-21,,,,-179.76,,Fashion,Saving,,,,,,synthetic
2023-04-21,,,,-1789.58,,Medical,Saving,,,,,,synthetic
2023-04-23,,,,-2036.33,,Salary,Saving,,,,,,synthetic
2023-04-23,,,,2501.09,,Savings,Income,,,,,,synthetic
2023-04-24,,,,-2710.36,,Fashion,Saving,,,,,,synthetic
2023-04-24,,,,-1002.35,,Savings,Saving,,,,,,synthetic
2023-04-25,,,,-1199.5,,Medical,Saving,,,,,,synthetic
2023-04-26,,,,1451.77,,Living Expenses,Income,,,,,,synthetic
2023-04-28,,,,-504.71,,Medical,Expenses,,,,,,synthetic
2023-04-29,,,,2975.89,,Fashion,Income,,,,,,synthetic
2023-05-01,,,,-953.94,,Savings,Saving,,,,,,synthetic
2023-05-01,,,,3943.7,,Living Expenses,Income,,,,,,synthetic
2023-05-02,,,,-1408.84,,Living Expenses,Expenses,,,,,,synthetic
2023-05-03,,,,-201.72,,Savings,Expenses,,,,,,synthetic
2023-05-04,,,,-911.48,,Other Expenses,Saving,,,,,,synthetic
2023-05-04,,,,2276.57,,Living Expenses,Income,,,,,,synthetic
2023-05-05,,,,-1446.42,,Fashion,Saving,,,,,,synthetic
2023-05-06,,,,-775.88,,Transport,Expenses,,,,,,synthetic
2023-05-06,,,,-1345.19,,Living Expenses,Expenses,,,,,,synthetic
2023-05-07,,,,-2937.42,,Living Expenses,Expenses,,,,,,synthetic
2023-05-09,,,,637.82,,Other Expenses,Income,,,,,,synthetic
2023-05-10,,,,-429.07,,Fashion,Expenses,,,,,,synthetic
2023-05-10,,,,857.77,,Salary,Income,,,,,,synthetic
2023-05-11,,,,-1282.26,,Transport,Expenses,,,,,,synthetic
2023-05-11,,,,234.52,,Savings,Income,,,,,,synthetic
2023-05-11,,,,3976.61,,Salary,Income,,,,,,synthetic
2023-05-12,,,,3202.47,,Salary,Income,,,,,,synthetic
2023-05-12,,,,-2606.91,,Fashion,Expenses,,,,,,synthetic
2023-05-12,,,,-1066.05,,Other Expenses,Expenses,,,,,,synthetic
2023-05-13,,,,4999.56,,Savings,Income,,,,,,synthetic
2023-05-13,,,,2205.85,,Salary,Income,,,,,,synthetic
2023-05-13,,,,-1521.44,,Salary,Expenses,,,,,,synthetic
2023-05-13,,,,3785.02,,Fashion,Income,,,,,,synthetic
2023-05-14,,,,3227.62,,Savings,Income,,,,,,synthetic
2023-05-14,,,,-2983.99,,Other Expenses,Expenses,,,,,,synthetic
2023-05-15,,,,-1887.86,,Transport,Expenses,,,,,,synthetic
2023-05-16,,,,-2753.94,,Savings,Expenses,,,,,,synthetic
2023-05-16,,,,1714.63,,Fashion,Income,,,,,,synthetic
2023-05-17,,,,-315.55,,Savings,Expenses,,,,,,synthetic
2023-05-17,,,,-2653.37,,Savings,Saving,,,,,,synthetic
2023-05-17,,,,2382.97,,Savings,Income,,,,,,synthetic
2023-05-18,,,,695.37,,Fashion,Income,,,,,,synthetic
2023-05-18,,,,-1940.97,,Living Expenses,Expenses,,,,,,synthetic
2023-05-20,,,,4115.77,,Other Expenses,Income,,,,,,synthetic
2023-05-20,,,,-653.96,,Savings,Saving,,,,,,synthetic
2023-05-21,,,,-1894.5,,Living Expenses,Saving,,,,,,synthetic
2023-05-21,,,,-862.38,,Savings,Saving,,,,,,synthetic
2023-05-22,,,,-1130.97,,Salary,Saving,,,,,,synthetic
2023-05-23,,,,-2495.99,,Other Expenses,Saving,,,,,,synthetic
2023-05-23,,,,2133.68,,Medical,Income,,,,,,synthetic
2023-05-24,,,,-1962.48,,Transport,Saving,,,,,,synthetic
2023-05-24,,,,-2988.37,,Savings,Saving,,,,,,synthetic
2023-05-25,,,,3661.68,,Medical,Income,,,,,,synthetic
2023-05-26,,,,2636.91,,Medical,Income,,,,,,synthetic
2023-05-26,,,,2369.2,,Medical,Income,,,,,,synthetic
2023-05-27,,,,-2389.03,,Living Expenses,Saving,,,,,,synthetic
2023-05-27,,,,2386.0,,Savings,Income,,,,,,synthetic
2023-05-29,,,,-1160.91,,Other Expenses,Expenses,,,,,,synthetic
2023-05-31,,,,3883.28,,Other Expenses,Income,,,,,,synthetic
2023-05-31,,,,3860.51,,Other Expenses,Income,,,,,,synthetic
2023-06-01,,,,-1518.66,,Other Expenses,Expenses,,,,,,synthetic
2023-06-01,,,,-2081.53,,Living Expenses,Expenses,,,,,,synthetic
2023-06-01,,,,-1345.31,,Salary,Expenses,,,,,,synthetic
2023-06-02,,,,-951.89,,Savings,Saving,,,,,,synthetic
2023-06-03,,,,-2246.1,,Savings,Expenses,,,,,,synthetic
2023-06-04,,,,-2893.37,,Transport,Saving,,,,,,synthetic
2023-06-05,,,,-1726.75,,Other Expenses,Expenses,,,,,,synthetic
2023-06-07,,,,3819.93,,Salary,Income,,,,,,synthetic
2023-06-07,,,,4907.72,,Medical,Income,,,,,,synthetic
2023-06-07,,,,-2024.11,,Savings,Saving,,,,,,synthetic
2023-06-07,,,,-573.55,,Transport,Expenses,,,,,,synthetic
2023-06-08,,,,-1670.69,,Salary,Saving,,,,,,synthetic
2023-06-09,,,,2296.22,,Other Expenses,Income,,,,,,synthetic
2023-06-10,,,,-181.43,,Transport,Saving,,,,,,synthetic
2023-06-10,,,,3026.49,,Medical,Income,,,,,,synthetic
2023-06-12,,,,3679.25,,Medical,Income,,,,,,synthetic
2023-06-16,,,,-1931.62,,Other Expenses,Expenses,,,,,,synthetic
2023-06-17,,,,324.38,,Living Expenses,Income,,,,,,synthetic
2023-06-17,,,,-1085.15,,Transport,Saving,,,,,,synthetic
2023-06-18,,,,-2747.46,,Savings,Expenses,,,,,,synthetic
2023-06-19,,,,4986.37,,Salary,Income,,,,,,synthetic
2023-06-19,,,,850.83,,Fashion,Income,,,,,,synthetic
2023-06-20,,,,-2611.47,,Transport,Expenses,,,,,,synthetic
2023-06-21,,,,-2467.84,,Salary,Saving,,,,,,synthetic
2023-06-23,,,,-1281.3,,Savings,Saving,,,,,,synthetic
2023-06-23,,,,-1430.73,,Medical,Saving,,,,,,synthetic
2023-06-29,,,,-1956.64,,Transport,Saving,,,,,,synthetic
2023-06-29,,,,-1291.69,,Fashion,Saving,,,,,,synthetic
2023-07-01,,,,-1073.72,,Salary,Expenses,,,,,,synthetic
2023-07-01,,,,-2684.58,,Transport,Expenses,,,,,,synthetic
2023-07-03,,,,1155.48,,Other Expenses,Income,,,,,,synthetic
2023-07-03,,,,-303.65,,Salary,Saving,,,,,,synthetic
2023-07-04,,,,3890.98,,Salary,Income,,,,,,synthetic
2023-07-04,,,,-373.53,,Medical,Expenses,,,,,,synthetic
2023-07-04,,,,1808.05,,Salary,Income,,,,,,synthetic
2023-07-05,,,,-491.97,,Living Expenses,Saving,,,,,,synthetic
2023-07-06,,,,-1573.92,,Medical,Saving,,,,,,synthetic
2023-07-08,,,,325.1,,Other Expenses,Income,,,,,,synthetic
2023-07-08,,,,1639.88,,Fashion,Income,,,,,,synthetic
2023-07-09,,,,-321.08,,Transport,Saving,,,,,,synthetic
2023-07-09,,,,-954.54,,Salary,Saving,,,,,,synthetic
2023-07-11,,,,3070.58,,Transport,Income,,,,,,synthetic
2023-07-12,,,,2191.51,,Other Expenses,Income,,,,,,synthetic
2023-07-13,,,,3042.69,,Savings,Income,,,,,,synthetic
2023-07-14,,,,-142.76,,Other Expenses,Saving,,,,,,synthetic
2023-07-15,,,,-2925.65,,Other Expenses,Saving,,,,,,synthetic
2023-07-17,,,,-807.8,,Medical,Saving,,,,,,synthetic
2023-07-18,,,,616.1,,Medical,Income,,,,,,synthetic
2023-07-18,,,,-1135.42,,Fashion,Expenses,,,,,,synthetic
2023-07-22,,,,-2521.93,,Other Expenses,Saving,,,,,,synthetic
2023-07-22,,,,-2853.62,,Fashion,Saving,,,,,,synthetic
2023-07-24,,,,-1723.87,,Salary,Expenses,,,,,,synthetic
2023-07-27,,,,1919.56,,Living Expenses,Income,,,,,,synthetic
2023-07-28,,,,-459.39,,Fashion,Saving,,,,,,synthetic
2023-07-29,,,,-1397.89,,Salary,Saving,,,,,,synthetic
2023-07-29,,,,-1956.88,,Medical,Saving,,,,,,synthetic
2023-07-30,,,,-976.75,,Transport,Expenses,,,,,,synthetic
2023-07-30,,,,-200.14,,Transport,Expenses,,,,,,synthetic
2023-07-30,,,,-23.82,,Salary,Saving,,,,,,synthetic
2023-07-31,,,,-2361.56,,Living Expenses,Expenses,,,,,,synthetic
2023-08-01,,,,1822.16,,Savings,Income,,,,,,synthetic
2023-08-02,,,,4187.51,,Other Expenses,Income,,,,,,synthetic
2023-08-02,,,,-2839.0,,Fashion,Saving,,,,,,synthetic
2023-08-03,,,,-477.7,,Medical,Expenses,,,,,,synthetic
2023-08-03,,,,-2757.93,,Medical,Expenses,,,,,,synthetic
2023-08-04,,,,-1635.53,,Living Expenses,Expenses,,,,,,synthetic
2023-08-06,,,,-1693.72,,Other Expenses,Saving,,,,,,synthetic
2023-08-08,,,,-360.34,,Salary,Saving,,,,,,synthetic
2023-08-09,,,,4355.83,,Other Expenses,Income,,,,,,synthetic
2023-08-10,,,,4907.47,,Transport,Income,,,,,,synthetic
2023-08-11,,,,542.77,,Other Expenses,Income,,,,,,synthetic
2023-08-12,,,,2598.0,,Salary,Income,,,,,,synthetic
2023-08-14,,,,-2618.86,,Medical,Saving,,,,,,synthetic
2023-08-14,,,,-2448.81,,Medical,Saving,,,,,,synthetic
2023-08-16,,,,-1476.58,,Living Expenses,Expenses,,,,,,synthetic
2023-08-17,,,,-1970.73,,Transport,Saving,,,,,,synthetic
2023-08-17,,,,4207.14,,Fashion,Income,,,,,,synthetic
2023-08-19,,,,1271.41,,Other Expenses,Income,,,,,,synthetic
2023-08-20,,,,3337.93,,Medical,Income,,,,,,synthetic
2023-08-21,,,,1189.19,,Salary,Income,,,,,,synthetic
2023-08-21,,,,4189.02,,Savings,Income,,,,,,synthetic
2023-08-22,,,,-2276.9,,Savings,Expenses,,,,,,synthetic
2023-08-24,,,,-1188.03,,Fashion,Saving,,,,,,synthetic
2023-08-26,,,,-2018.05,,Transport,Expenses,,,,,,synthetic
2023-08-28,,,,-1129.27,,Medical,Expenses,,,,,,synthetic
2023-08-29,,,,-2385.33,,Savings,Expenses,,,,,,synthetic
2023-08-31,,,,-1200.81,,Living Expenses,Expenses,,,,,,synthetic
2023-08-31,,,,2853.75,,Medical,Income,,,,,,synthetic
2023-08-31,,,,-424.28,,Living Expenses,Saving,,,,,,synthetic
2023-09-01,,,,-2325.11,,Transport,Expenses,,,,,,synthetic
2023-09-01,,,,-920.39,,Living Expenses,Expenses,,,,,,synthetic
2023-09-02,,,,-2764.09,,Fashion,Expenses,,,,,,synthetic
2023-09-03,,,,-2025.47,,Salary,Expenses,,,,,,synthetic
2023-09-04,,,,-849.01,,Transport,Saving,,,,,,synthetic
2023-09-04,,,,3356.77,,Medical,Income,,,,,,synthetic
2023-09-04,,,,3667.73,,Transport,Income,,,,,,synthetic
2023-09-06,,,,-2597.9,,Salary,Saving,,,,,,synthetic
2023-09-08,,,,-2014.99,,Living Expenses,Expenses,,,,,,synthetic
2023-09-09,,,,-2540.76,,Salary,Saving,,,,,,synthetic
2023-09-10,,,,-922.44,,Living Expenses,Saving,,,,,,synthetic
2023-09-10,,,,-2818.93,,Savings,Expenses,,,,,,synthetic
2023-09-11,,,,3261.77,,Fashion,Income,,,,,,synthetic
2023-09-11,,,,-2289.65,,Fashion,Expenses,,,,,,synthetic
2023-09-12,,,,-1218.79,,Transport,Saving,,,,,,synthetic
2023-09-12,,,,-428.65,,Other Expenses,Expenses,,,,,,synthetic
2023-09-16,,,,1136.62,,Transport,Income,,,,,,synthetic
2023-09-16,,,,-1102.67,,Fashion,Expenses,,,,,,synthetic
2023-09-16,,,,-1548.19,,Other Expenses,Expenses,,,,,,synthetic
2023-09-16,,,,593.78,,Fashion,Income,,,,,,synthetic
2023-09-16,,,,-2882.77,,Medical,Saving,,,,,,synthetic
2023-09-16,,,,-995.51,,Other Expenses,Expenses,,,,,,synthetic
2023-09-17,,,,-1022.46,,Fashion,Expenses,,,,,,synthetic
2023-09-17,,,,3253.7,,Other Expenses,Income,,,,,,synthetic
2023-09-18,,,,2587.45,,Salary,Income,,,,,,synthetic
2023-09-21,,,,-447.86,,Living Expenses,Saving,,,,,,synthetic
2023-09-22,,,,-2048.62,,Medical,Saving,,,,,,synthetic
2023-09-24,,,,-1834.73,,Fashion,Saving,,,,,,synthetic
2023-09-24,,,,2581.51,,Fashion,Income,,,,,,synthetic
2023-09-24,,,,3349.08,,Living Expenses,Income,,,,,,synthetic
2023-09-24,,,,-2204.15,,Medical,Expenses,,,,,,synthetic
2023-09-25,,,,-2405.83,,Fashion,Saving,,,,,,synthetic
2023-09-26,,,,-1833.79,,Living Expenses,Saving,,,,,,synthetic
2023-09-27,,,,-1067.91,,Savings,Expenses,,,,,,synthetic
2023-09-29,,,,-313.29,,Fashion,Saving,,,,,,synthetic
2023-10-02,,,,-120.06,,Salary,Saving,,,,,,synthetic
2023-10-02,,,,-324.65,,Medical,Expenses,,,,,,synthetic
2023-10-03,,,,4190.68,,Medical,Income,,,,,,synthetic
2023-10-03,,,,-710.93,,Transport,Expenses,,,,,,synthetic
2023-10-03,,,,-2324.52,,Living Expenses,Expenses,,,,,,synthetic
2023-10-05,,,,351.54,,Fashion,Income,,,,,,synthetic
2023-10-05,,,,-365.64,,Salary,Expenses,,,,,,synthetic
2023-10-06,,,,-316.08,,Living Expenses,Expenses,,,,,,synthetic
2023-10-06,,,,4451.79,,Salary,Income,,,,,,synthetic
2023-10-07,,,,3654.82,,Fashion,Income,,,,,,synthetic
2023-10-07,,,,-1036.87,,Savings,Saving,,,,,,synthetic
2023-10-08,,,,-2094.29,,Other Expenses,Expenses,,,,,,synthetic
2023-10-08,,,,3472.22,,Savings,Income,,,,,,synthetic
2023-10-10,,,,-96.52,,Salary,Saving,,,,,,synthetic
2023-10-10,,,,-1023.56,,Salary,Saving,,,,,,synthetic
2023-10-10,,,,-534.13,,Transport,Saving,,,,,,synthetic
2023-10-10,,,,-2422.38,,Fashion,Expenses,,,,,,synthetic
2023-10-11,,,,-2693.68,,Savings,Expenses,,,,,,synthetic
2023-10-14,,,,-150.07,,Medical,Expenses,,,,,,synthetic
2023-10-14,,,,-1798.44,,Savings,Saving,,,,,,synthetic
2023-10-15,,,,3042.07,,Living Expenses,Income,,,,,,synthetic
2023-10-15,,,,-1222.09,,Fashion,Saving,,,,,,synthetic
2023-10-16,,,,2636.87,,Savings,Income,,,,,,synthetic
2023-10-16,,,,-2923.19,,Transport,Saving,,,,,,synthetic
2023-10-17,,,,-622.91,,Salary,Expenses,,,,,,synthetic
2023-10-17,,,,-2887.15,,Living Expenses,Saving,,,,,,synthetic
2023-10-18,,,,4514.76,,Fashion,Income,,,,,,synthetic
2023-10-18,,,,4847.39,,Other Expenses,Income,,,,,,synthetic
2023-10-18,,,,-2553.87,,Fashion,Expenses,,,,,,synthetic
2023-10-19,,,,1078.61,,Other Expenses,Income,,,,,,synthetic
2023-10-19,,,,477.95,,Fashion,Income,,,,,,synthetic
2023-10-20,,,,-1250.91,,Medical,Saving,,,,,,synthetic
2023-10-20,,,,-1142.5,,Other Expenses,Saving,,,,,,synthetic
2023-10-20,,,,-2619.7,,Medical,Expenses,,,,,,synthetic
2023-10-21,,,,-1654.1,,Fashion,Saving,,,,,,synthetic
2023-10-21,,,,-957.74,,Savings,Saving,,,,,,synthetic
2023-10-21,,,,-2422.48,,Savings,Saving,,,,,,synthetic
2023-10-22,,,,1458.49,,Salary,Income,,,,,,synthetic
2023-10-22,,,,-2577.54,,Medical,Expenses,,,,,,synthetic
2023-10-22,,,,-622.43,,Savings,Saving,,,,,,synthetic
2023-10-22,,,,-339.76,,Savings,Saving,,,,,,synthetic
2023-10-24,,,,2153.16,,Savings,Income,,,,,,synthetic
2023-10-24,,,,4430.8,,Medical,Income,,,,,,synthetic
2023-10-24,,,,596.82,,Transport,Income,,,,,,synthetic
2023-10-25,,,,-2107.67,,Salary,Saving,,,,,,synthetic
2023-10-26,,,,881.0,,Transport,Income,,,,,,synthetic
2023-10-27,,,,4841.07,,Other Expenses,Income,,,,,,synthetic
2023-10-29,,,,-2932.44,,Other Expenses,Saving,,,,,,synthetic
2023-10-29,,,,1119.4,,Fashion,Income,,,,,,synthetic
2023-10-29,,,,-2293.36,,Other Expenses,Saving,,,,,,synthetic
2023-10-30,,,,2863.58,,Fashion,Income,,,,,,synthetic
2023-10-30,,,,1821.76,,Other Expenses,Income,,,,,,synthetic
2023-11-01,,,,1103.18,,Salary,Income,,,,,,synthetic
2023-11-01,,,,-1855.42,,Fashion,Expenses,,,,,,synthetic
2023-11-02,,,,4060.82,,Living Expenses,Income,,,,,,synthetic
2023-11-02,,,,-1842.8,,Fashion,Expenses,,,,,,synthetic
2023-11-03,,,,-1676.26,,Fashion,Expenses,,,,,,synthetic
2023-11-03,,,,-2943.83,,Transport,Saving,,,,,,synthetic
2023-11-03,,,,-1373.96,,Other Expenses,Expenses,,,,,,synthetic
2023-11-05,,,,-2764.69,,Savings,Expenses,,,,,,synthetic
2023-11-07,,,,-597.83,,Savings,Saving,,,,,,synthetic
2023-11-07,,,,923.99,,Salary,Income,,,,,,synthetic
2023-11-08,,,,-697.99,,Transport,Saving,,,,,,synthetic
2023-11-10,,,,-1293.06,,Fashion,Saving,,,,,,synthetic
2023-11-11,,,,1593.02,,Salary,Income,,,,,,synthetic
2023-11-11,,,,1472.27,,Savings,Income,,,,,,synthetic
2023-11-12,,,,3435.05,,Savings,Income,,,,,,synthetic
2023-11-13,,,,-718.79,,Fashion,Expenses,,,,,,synthetic
2023-11-14,,,,-867.33,,Salary,Saving,,,,,,synthetic
2023-11-15,,,,2376.48,,Transport,Income,,,,,,synthetic
2023-11-16,,,,3513.35,,Other Expenses,Income,,,,,,synthetic
2023-11-16,,,,244.71,,Medical,Income,,,,,,synthetic
2023-11-17,,,,-469.85,,Fashion,Expenses,,,,,,synthetic
2023-11-17,,,,-1066.54,,Living Expenses,Expenses,,,,,,synthetic
2023-11-17,,,,-1740.51,,Medical,Expenses,,,,,,synthetic
2023-11-17,,,,-2473.38,,Medical,Saving,,,,,,synthetic
2023-11-17,,,,4121.08,,Transport,Income,,,,,,synthetic
2023-11-18,,,,-632.23,,Fashion,Expenses,,,,,,synthetic
2023-11-18,,,,3000.91,,Fashion,Income,,,,,,synthetic
2023-11-19,,,,-1602.77,,Transport,Saving,,,,,,synthetic
2023-11-19,,,,-1555.84,,Other Expenses,Expenses,,,,,,synthetic
2023-11-21,,,,-2903.74,,Other Expenses,Expenses,,,,,,synthetic
2023-11-21,,,,3091.52,,Living Expenses,Income,,,,,,synthetic
2023-11-22,,,,-986.66,,Other Expenses,Saving,,,,,,synthetic
2023-11-22,,,,-1404.36,,Fashion,Saving,,,,,,synthetic
2023-11-22,,,,-329.77,,Fashion,Expenses,,,,,,synthetic
2023-11-24,,,,-1161.47,,Transport,Expenses,,,,,,synthetic
2023-11-24,,,,1249.85,,Living Expenses,Income,,,,,,synthetic
2023-11-25,,,,-273.17,,Savings,Saving,,,,,,synthetic
2023-11-26,,,,-1240.33,,Other Expenses,Saving,,,,,,synthetic
2023-11-27,,,,-855.29,,Other Expenses,Expenses,,,,,,synthetic
2023-11-27,,,,1933.4,,Transport,Income,,,,,,synthetic
2023-11-27,,,,-688.24,,Other Expenses,Saving,,,,,,synthetic
2023-11-28,,,,-2110.87,,Salary,Expenses,,,,,,synthetic
2023-11-30,,,,-2067.46,,Transport,Saving,,,,,,synthetic
2023-11-30,,,,3718.12,,Other Expenses,Income,,,,,,synthetic
2023-12-02,,,,-2757.11,,Savings,Saving,,,,,,synthetic
2023-12-02,,,,3715.82,,Medical,Income,,,,,,synthetic
2023-12-04,,,,-784.2,,Transport,Saving,,,,,,synthetic
2023-12-07,,,,-2916.14,,Other Expenses,Saving,,,,,,synthetic
2023-12-07,,,,1608.17,,Medical,Income,,,,,,synthetic
2023-12-07,,,,-1007.09,,Salary,Expenses,,,,,,synthetic
2023-12-08,,,,-1647.15,,Transport,Expenses,,,,,,synthetic
2023-12-09,,,,-2713.84,,Medical,Expenses,,,,,,synthetic
2023-12-10,,,,-2403.61,,Fashion,Saving,,,,,,synthetic
2023-12-11,,,,-1690.25,,Transport,Expenses,,,,,,synthetic
2023-12-11,,,,3867.44,,Fashion,Income,,,,,,synthetic
2023-12-13,,,,-1405.32,,Savings,Expenses,,,,,,synthetic
2023-12-15,,,,-1694.21,,Salary,Saving,,,,,,synthetic
2023-12-15,,,,-1712.11,,Salary,Saving,,,,,,synthetic
2023-12-16,,,,-275.13,,Fashion,Saving,,,,,,synthetic
2023-12-16,,,,-460.37,,Savings,Expenses,,,,,,synthetic
2023-12-16,,,,-1437.37,,Other Expenses,Saving,,,,,,synthetic
2023-12-17,,,,-2689.71,,Savings,Saving,,,,,,synthetic
2023-12-18,,,,-419.13,,Salary,Expenses,,,,,,synthetic
2023-12-20,,,,1455.46,,Savings,Income,,,,,,synthetic
2023-12-20,,,,4753.66,,Salary,Income,,,,,,synthetic
2023-12-20,,,,-1463.69,,Transport,Saving,,,,,,synthetic
2023-12-21,,,,1643.53,,Medical,Income,,,,,,synthetic
2023-12-21,,,,3713.53,,Transport,Income,,,,,,synthetic
2023-12-22,,,,-1663.9,,Salary,Saving,,,,,,synthetic
2023-12-23,,,,-613.67,,Medical,Expenses,,,,,,synthetic
2023-12-23,,,,-2805.52,,Living Expenses,Expenses,,,,,,synthetic
2023-12-25,,,,4212.44,,Salary,Income,,,,,,synthetic
2023-12-26,,,,-2426.34,,Medical,Expenses,,,,,,synthetic
2023-12-26,,,,-673.88,,Living Expenses,Expenses,,,,,,synthetic
2023-12-27,,,,-2585.23,,Living Expenses,Expenses,,,,,,synthetic
2023-12-27,,,,-2588.06,,Salary,Expenses,,,,,,synthetic
2023-12-27,,,,-737.67,,Savings,Saving,,,,,,synthetic
2023-12-27,,,,2086.18,,Other Expenses,Income,,,,,,synthetic
2023-12-28,,,,3173.82,,Transport,Income,,,,,,synthetic
2023-12-29,,,,-239.0,,Fashion,Expenses,,,,,,synthetic
2023-12-29,,,,-2883.15,,Salary,Expenses,,,,,,synthetic
2023-12-30,,,,-515.77,,Salary,Expenses,,,,,,synthetic
2023-12-30,,,,320.05,,Fashion,Income,,,,,,synthetic
2023-12-31,,,,1233.51,,Other Expenses,Income,,,,,,synthetic
2023-12-31,,,,1866.58,,Savings,Income,,,,,,synthetic
2024-01-01,,,,4217.49,,Medical,Income,,,,,,synthetic
2024-01-02,,,,2645.73,,Living Expenses,Income,,,,,,synthetic
2024-01-02,,,,-429.72,,Salary,Expenses,,,,,,synthetic
2024-01-03,,,,514.96,,Savings,Income,,,,,,synthetic
2024-01-03,,,,2592.2,,Fashion,Income,,,,,,synthetic
2024-01-03,,,,-2903.33,,Medical,Saving,,,,,,synthetic
2024-01-03,,,,-409.68,,Other Expenses,Expenses,,,,,,synthetic
2024-01-04,,,,-1464.44,,Transport,Saving,,,,,,synthetic
2024-01-05,,,,-222.52,,Salary,Saving,,,,,,synthetic
2024-01-05,,,,-68.52,,Fashion,Expenses,,,,,,synthetic
2024-01-05,,,,3810.82,,Savings,Income,,,,,,synthetic
2024-01-06,,,,1422.67,,Savings,Income,,,,,,synthetic
2024-01-06,,,,-678.71,,Fashion,Saving,,,,,,synthetic
2024-01-06,,,,-1798.28,,Salary,Expenses,,,,,,synthetic
2024-01-07,,,,-1599.38,,Transport,Saving,,,,,,synthetic
2024-01-07,,,,-1714.52,,Transport,Expenses,,,,,,synthetic
2024-01-09,,,,-1665.12,,Savings,Expenses,,,,,,synthetic
2024-01-09,,,,-385.13,,Medical,Expenses,,,,,,synthetic
2024-01-10,,,,-1950.95,,Medical,Expenses,,,,,,synthetic
2024-01-12,,,,4682.83,,Medical,Income,,,,,,synthetic
2024-01-14,,,,-2897.84,,Medical,Expenses,,,,,,synthetic
2024-01-15,,,,3152.04,,Medical,Income,,,,,,synthetic
2024-01-15,,,,-1297.27,,Salary,Saving,,,,,,synthetic
2024-01-15,,,,-53.82,,Living Expenses,Saving,,,,,,synthetic
2024-01-16,,,,-2773.98,,Transport,Saving,,,,,,synthetic
2024-01-16,,,,-1568.67,,Medical,Expenses,,,,,,synthetic
2024-01-17,,,,1314.5,,Savings,Income,,,,,,synthetic
2024-01-17,,,,-1566.51,,Living Expenses,Expenses,,,,,,synthetic
2024-01-19,,,,-2947.51,,Medical,Expenses,,,,,,synthetic
2024-01-19,,,,-307.76,,Salary,Expenses,,,,,,synthetic
2024-01-21,,,,-293.19,,Medical,Expenses,,,,,,synthetic
2024-01-23,,,,-1428.56,,Savings,Saving,,,,,,synthetic
2024-01-24,,,,-139.97,,Medical,Saving,,,,,,synthetic
2024-01-24,,,,4298.34,,Salary,Income,,,,,,synthetic
2024-01-24,,,,-2119.42,,Savings,Expenses,,,,,,synthetic
2024-01-25,,,,-1502.17,,Salary,Saving,,,,,,synthetic
2024-01-25,,,,2327.03,,Living Expenses,Income,,,,,,synthetic
2024-01-25,,,,-2160.7,,Savings,Saving,,,,,,synthetic
2024-01-25,,,,-1601.94,,Savings,Expenses,,,,,,synthetic
2024-01-26,,,,-337.83,,Transport,Expenses,,,,,,synthetic
2024-01-29,,,,-209.4,,Salary,Saving,,,,,,synthetic
2024-01-29,,,,-1676.74,,Transport,Expenses,,,,,,synthetic
2024-01-29,,,,4434.31,,Fashion,Income,,,,,,synthetic
2024-01-31,,,,-2739.09,,Fashion,Saving,,,,,,synthetic
2024-02-03,,,,-1971.67,,Living Expenses,Expenses,,,,,,synthetic
2024-02-03,,,,4514.67,,Transport,Income,,,,,,synthetic
2024-02-04,,,,-1381.26,,Savings,Expenses,,,,,,synthetic
2024-02-04,,,,-917.37,,Living Expenses,Expenses,,,,,,synthetic
2024-02-04,,,,872.65,,Living Expenses,Income,,,,,,synthetic
2024-02-05,,,,2655.27,,Salary,Income,,,,,,synthetic
2024-02-05,,,,-1414.7,,Living Expenses,Saving,,,,,,synthetic
2024-02-07,,,,-363.98,,Living Expenses,Expenses,,,,,,synthetic
2024-02-08,,,,-1798.64,,Savings,Expenses,,,,,,synthetic
2024-02-09,,,,-759.82,,Living Expenses,Expenses,,,,,,synthetic
2024-02-11,,,,-613.35,,Other Expenses,Saving,,,,,,synthetic
2024-02-12,,,,570.39,,Living Expenses,Income,,,,,,synthetic
2024-02-12,,,,-2580.84,,Other Expenses,Saving,,,,,,synthetic
2024-02-13,,,,4584.48,,Transport,Income,,,,,,synthetic
2024-02-14,,,,-588.02,,Living Expenses,Expenses,,,,,,synthetic
2024-02-15,,,,-840.63,,Fashion,Saving,,,,,,synthetic
2024-02-16,,,,-1057.93,,Savings,Expenses,,,,,,synthetic
2024-02-16,,,,-252.26,,Living Expenses,Expenses,,,,,,synthetic
2024-02-17,,,,-411.61,,Other Expenses,Saving,,,,,,synthetic
2024-02-17,,,,2232.2,,Living Expenses,Income,,,,,,synthetic
2024-02-18,,,,-289.33,,Living Expenses,Saving,,,,,,synthetic
2024-02-18,,,,-970.33,,Fashion,Saving,,,,,,synthetic
2024-02-18,,,,3015.03,,Savings,Income,,,,,,synthetic
2024-02-18,,,,-2468.62,,Savings,Expenses,,,,,,synthetic
2024-02-21,,,,1397.8,,Other Expenses,Income,,,,,,synthetic
2024-02-22,,,,-1362.06,,Transport,Saving,,,,,,synthetic
2024-02-22,,,,-2466.63,,Savings,Expenses,,,,,,synthetic
2024-02-23,,,,-325.2,,Living Expenses,Expenses,,,,,,synthetic
2024-02-23,,,,-1526.21,,Transport,Saving,,,,,,synthetic
2024-02-23,,,,610.94,,Savings,Income,,,,,,synthetic
2024-02-24,,,,-763.6,,Living Expenses,Saving,,,,,,synthetic
2024-02-24,,,,-2893.94,,Fashion,Saving,,,,,,synthetic
2024-02-25,,,,-1018.86,,Fashion,Saving,,,,,,synthetic
2024-02-25,,,,-1266.04,,Transport,Saving,,,,,,synthetic
2024-02-27,,,,-1164.42,,Savings,Saving,,,,,,synthetic
2024-03-01,,,,-2550.04,,Fashion,Expenses,,,,,,synthetic
2024-03-03,,,,-2041.89,,Other Expenses,Saving,,,,,,synthetic
2024-03-04,,,,805.98,,Transport,Income,,,,,,synthetic
2024-03-05,,,,-2037.56,,Savings,Expenses,,,,,,synthetic
2024-03-06,,,,-2095.0,,Savings,Expenses,,,,,,synthetic
2024-03-09,,,,3977.49,,Living Expenses,Income,,,,,,synthetic
2024-03-11,,,,2433.9,,Fashion,Income,,,,,,synthetic
2024-03-11,,,,-201.65,,Other Expenses,Expenses,,,,,,synthetic
2024-03-13,,,,-123.7,,Fashion,Expenses,,,,,,synthetic
2024-03-14,,,,-2090.22,,Fashion,Expenses,,,,,,synthetic
2024-03-17,,,,4774.42,,Savings,Income,,,,,,synthetic
2024-03-19,,,,-570.95,,Savings,Expenses,,,,,,synthetic
2024-03-19,,,,420.76,,Other Expenses,Income,,,,,,synthetic
2024-03-19,,,,1594.17,,Medical,Income,,,,,,synthetic
2024-03-22,,,,-707.0,,Other Expenses,Expenses,,,,,,synthetic
2024-03-22,,,,984.33,,Fashion,Income,,,,,,synthetic
2024-03-22,,,,-1772.04,,Living Expenses,Saving,,,,,,synthetic
2024-03-24,,,,-183.99,,Savings,Saving,,,,,,synthetic
2024-03-24,,,,-1475.96,,Fashion,Expenses,,,,,,synthetic
2024-03-25,,,,-1107.75,,Medical,Expenses,,,,,,synthetic
2024-03-25,,,,1473.76,,Salary,Income,,,,,,synthetic
2024-03-27,,,,3279.57,,Medical,Income,,,,,,synthetic
2024-03-27,,,,-1668.61,,Salary,Saving,,,,,,synthetic
2024-03-27,,,,1537.02,,Transport,Income,,,,,,synthetic
2024-03-28,,,,-2293.99,,Other Expenses,Expenses,,,,,,synthetic
2024-03-28,,,,4940.13,,Medical,Income,,,,,,synthetic
2024-03-29,,,,-2041.35,,Living Expenses,Expenses,,,,,,synthetic
2024-03-29,,,,1639.46,,Transport,Income,,,,,,synthetic
2024-03-30,,,,4544.37,,Living Expenses,Income,,,,,,synthetic
2024-03-30,,,,-576.02,,Transport,Expenses,,,,,,synthetic
2024-03-31,,,,-308.17,,Fashion,Saving,,,,,,synthetic
2024-03-31,,,,-1549.45,,Transport,Expenses,,,,,,synthetic
2024-04-01,,,,-1291.76,,Salary,Expenses,,,,,,synthetic
2024-04-03,,,,-1382.55,,Transport,Saving,,,,,,synthetic
2024-04-05,,,,-658.43,,Fashion,Expenses,,,,,,synthetic
2024-04-06,,,,-1578.56,,Transport,Expenses,,,,,,synthetic
2024-04-06,,,,-1436.34,,Living Expenses,Saving,,,,,,synthetic
2024-04-06,,,,-1142.94,,Transport,Saving,,,,,,synthetic
2024-04-06,,,,-1362.53,,Savings,Expenses,,,,,,synthetic
2024-04-07,,,,-2357.83,,Other Expenses,Saving,,,,,,synthetic
2024-04-07,,,,-417.56,,Fashion,Expenses,,,,,,synthetic
2024-04-08,,,,2574.63,,Medical,Income,,,,,,synthetic
2024-04-09,,,,-197.48,,Medical,Expenses,,,,,,synthetic
2024-04-10,,,,1006.35,,Transport,Income,,,,,,synthetic
2024-04-10,,,,4217.98,,Other Expenses,Income,,,,,,synthetic
2024-04-10,,,,-2388.64,,Medical,Saving,,,,,,synthetic
2024-04-11,,,,560.2,,Medical,Income,,,,,,synthetic
2024-04-11,,,,-2595.46,,Savings,Expenses,,,,,,synthetic
2024-04-11,,,,-2388.91,,Other Expenses,Expenses,,,,,,synthetic
2024-04-12,,,,-152.0,,Fashion,Saving,,,,,,synthetic
2024-04-12,,,,354.64,,Fashion,Income,,,,,,synthetic
2024-04-14,,,,3415.2,,Living Expenses,Income,,,,,,synthetic
2024-04-14,,,,-2077.07,,Fashion,Expenses,,,,,,synthetic
2024-04-14,,,,2499.25,,Fashion,Income,,,,,,synthetic
2024-04-14,,,,-909.53,,Other Expenses,Saving,,,,,,synthetic
2024-04-14,,,,922.72,,Savings,Income,,,,,,synthetic
2024-04-15,,,,-2800.41,,Savings,Expenses,,,,,,synthetic
2024-04-15,,,,-1926.59,,Medical,Saving,,,,,,synthetic
2024-04-15,,,,-1258.55,,Living Expenses,Expenses,,,,,,synthetic
2024-04-21,,,,2741.41,,Savings,Income,,,,,,synthetic
2024-04-22,,,,3462.54,,Transport,Income,,,,,,synthetic
2024-04-22,,,,-2428.38,,Fashion,Expenses,,,,,,synthetic
2024-04-22,,,,224.87,,Medical,Income,,,,,,synthetic
2024-04-24,,,,-2729.98,,Medical,Expenses,,,,,,synthetic
2024-04-24,,,,-2583.3,,Transport,Expenses,,,,,,synthetic
2024-04-25,,,,-2670.67,,Other Expenses,Expenses,,,,,,synthetic
2024-04-25,,,,-626.72,,Fashion,Expenses,,,,,,synthetic
2024-04-26,,,,-2707.78,,Savings,Saving,,,,,,synthetic
2024-04-28,,,,-2772.02,,Savings,Saving,,,,,,synthetic
2024-04-28,,,,665.54,,Transport,Income,,,,,,synthetic
2024-04-29,,,,-1913.19,,Savings,Saving,,,,,,synthetic
2024-04-29,,,,-2311.64,,Other Expenses,Saving,,,,,,synthetic
2024-04-29,,,,-1660.16,,Transport,Saving,,,,,,synthetic
2024-04-30,,,,-1170.51,,Medical,Expenses,,,,,,synthetic
2024-05-01,,,,-1307.76,,Fashion,Saving,,,,,,synthetic
2024-05-01,,,,-1642.51,,Fashion,Expenses,,,,,,synthetic
2024-05-01,,,,3277.66,,Other Expenses,Income,,,,,,synthetic
2024-05-02,,,,4080.61,,Living Expenses,Income,,,,,,synthetic
2024-05-03,,,,2772.44,,Transport,Income,,,,,,synthetic
2024-05-03,,,,-1768.75,,Savings,Saving,,,,,,synthetic
2024-05-04,,,,-765.29,,Transport,Saving,,,,,,synthetic
2024-05-05,,,,-1672.53,,Medical,Expenses,,,,,,synthetic
2024-05-08,,,,-2847.11,,Living Expenses,Saving,,,,,,synthetic
2024-05-09,,,,349.19,,Medical,Income,,,,,,synthetic
2024-05-09,,,,340.66,,Savings,Income,,,,,,synthetic
2024-05-11,,,,1373.85,,Salary,Income,,,,,,synthetic
2024-05-12,,,,2366.18,,Living Expenses,Income,,,,,,synthetic
2024-05-12,,,,-2839.26,,Transport,Saving,,,,,,synthetic
2024-05-12,,,,1042.38,,Medical,Income,,,,,,synthetic
2024-05-13,,,,-581.67,,Living Expenses,Expenses,,,,,,synthetic
2024-05-13,,,,907.3,,Living Expenses,Income,,,,,,synthetic
2024-05-15,,,,-1992.58,,Other Expenses,Expenses,,,,,,synthetic
2024-05-17,,,,1650.88,,Other Expenses,Income,,,,,,synthetic
2024-05-19,,,,457.07,,Transport,Income,,,,,,synthetic
2024-05-19,,,,-1635.67,,Salary,Saving,,,,,,synthetic
2024-05-20,,,,-2707.96,,Savings,Saving,,,,,,synthetic
2024-05-20,,,,3320.69,,Other Expenses,Income,,,,,,synthetic
2024-05-21,,,,-2924.17,,Other Expenses,Expenses,,,,,,synthetic
2024-05-21,,,,-1531.8,,Savings,Expenses,,,,,,synthetic
2024-05-21,,,,1398.45,,Medical,Income,,,,,,synthetic
2024-05-22,,,,-731.28,,Fashion,Expenses,,,,,,synthetic
2024-05-22,,,,-1135.89,,Fashion,Expenses,,,,,,synthetic
2024-05-23,,,,-223.89,,Salary,Saving,,,,,,synthetic
2024-05-24,,,,-445.76,,Fashion,Expenses,,,,,,synthetic
2024-05-24,,,,-2743.66,,Fashion,Expenses,,,,,,synthetic
2024-05-28,,,,-2994.41,,Savings,Expenses,,,,,,synthetic
2024-05-28,,,,-1270.17,,Fashion,Saving,,,,,,synthetic
2024-05-28,,,,-1822.81,,Transport,Saving,,,,,,synthetic
2024-05-30,,,,3615.93,,Salary,Income,,,,,,synthetic
2024-05-30,,,,998.29,,Salary,Income,,,,,,synthetic
2024-05-30,,,,-1749.94,,Savings,Saving,,,,,,synthetic
2024-06-02,,,,2651.25,,Other Expenses,Income,,,,,,synthetic
2024-06-02,,,,-1525.28,,Other Expenses,Expenses,,,,,,synthetic
2024-06-03,,,,-1482.65,,Fashion,Saving,,,,,,synthetic
2024-06-03,,,,-254.82,,Salary,Expenses,,,,,,synthetic
2024-06-04,,,,-304.82,,Salary,Saving,,,,,,synthetic
2024-06-04,,,,-792.56,,Medical,Saving,,,,,,synthetic
2024-06-04,,,,-2178.17,,Living Expenses,Saving,,,,,,synthetic
2024-06-04,,,,-1577.79,,Transport,Saving,,,,,,synthetic
2024-06-05,,,,503.68,,Transport,Income,,,,,,synthetic
2024-06-07,,,,-685.25,,Savings,Expenses,,,,,,synthetic
2024-06-08,,,,-1259.65,,Transport,Expenses,,,,,,synthetic
2024-06-08,,,,-1274.46,,Living Expenses,Saving,,,,,,synthetic
2024-06-08,,,,419.96,,Fashion,Income,,,,,,synthetic
2024-06-09,,,,-2619.06,,Salary,Expenses,,,,,,synthetic
2024-06-10,,,,1684.6,,Salary,Income,,,,,,synthetic
2024-06-10,,,,4526.11,,Living Expenses,Income,,,,,,synthetic
2024-06-11,,,,-1161.28,,Transport,Expenses,,,,,,synthetic
2024-06-11,,,,1550.51,,Salary,Income,,,,,,synthetic
2024-06-14,,,,-816.17,,Medical,Saving,,,,,,synthetic
2024-06-14,,,,4867.98,,Fashion,Income,,,,,,synthetic
2024-06-14,,,,3465.36,,Savings,Income,,,,,,synthetic
2024-06-14,,,,820.09,,Transport,Income,,,,,,synthetic
2024-06-15,,,,-1198.98,,Fashion,Expenses,,,,,,synthetic
2024-06-16,,,,-1511.39,,Savings,Saving,,,,,,synthetic
2024-06-16,,,,-2260.99,,Transport,Expenses,,,,,,synthetic
2024-06-16,,,,-2458.85,,Salary,Expenses,,,,,,synthetic
2024-06-17,,,,1973.73,,Salary,Income,,,,,,synthetic
2024-06-17,,,,-1350.96,,Fashion,Expenses,,,,,,synthetic
2024-06-17,,,,-1854.64,,Medical,Expenses,,,,,,synthetic
2024-06-18,,,,3514.92,,Medical,Income,,,,,,synthetic
2024-06-18,,,,-259.14,,Transport,Expenses,,,,,,synthetic
2024-06-20,,,,-1596.24,,Medical,Saving,,,,,,synthetic
2024-06-20,,,,-1371.16,,Transport,Expenses,,,,,,synthetic
2024-06-21,,,,-2698.96,,Other Expenses,Expenses,,,,,,synthetic
2024-06-22,,,,-2881.12,,Salary,Saving,,,,,,synthetic
2024-06-22,,,,-1341.43,,Living Expenses,Saving,,,,,,synthetic
2024-06-24,,,,4059.73,,Living Expenses,Income,,,,,,synthetic
2024-06-26,,,,-810.31,,Salary,Expenses,,,,,,synthetic
2024-06-26,,,,-1055.33,,Other Expenses,Saving,,,,,,synthetic
2024-06-29,,,,-743.69,,Medical,Saving,,,,,,synthetic
2024-06-29,,,,-253.71,,Fashion,Saving,,,,,,synthetic
2024-06-29,,,,-2764.37,,Fashion,Saving,,,,,,synthetic
2024-06-30,,,,1156.93,,Salary,Income,,,,,,synthetic
2024-06-30,,,,-909.87,,Salary,Expenses,,,,,,synthetic
2024-06-30,,,,2512.34,,Fashion,Income,,,,,,synthetic
2024-07-01,,,,-1735.76,,Salary,Expenses,,,,,,synthetic
2024-07-01,,,,-1153.54,,Salary,Saving,,,,,,synthetic
2024-07-02,,,,4273.61,,Salary,Income,,,,,,synthetic
2024-07-02,,,,-2968.78,,Transport,Expenses,,,,,,synthetic
2024-07-05,,,,-978.38,,Savings,Saving,,,,,,synthetic
2024-07-06,,,,-910.55,,Salary,Saving,,,,,,synthetic
2024-07-07,,,,4225.64,,Transport,Income,,,,,,synthetic
2024-07-10,,,,4810.5,,Transport,Income,,,,,,synthetic
2024-07-11,,,,-255.63,,Other Expenses,Saving,,,,,,synthetic
2024-07-11,,,,-2344.75,,Salary,Expenses,,,,,,synthetic
2024-07-12,,,,2291.25,,Salary,Income,,,,,,synthetic
2024-07-13,,,,2456.05,,Transport,Income,,,,,,synthetic
2024-07-14,,,,-319.62,,Fashion,Expenses,,,,,,synthetic
2024-07-16,,,,4146.16,,Transport,Income,,,,,,synthetic
2024-07-16,,,,-479.35,,Other Expenses,Saving,,,,,,synthetic
2024-07-16,,,,-1582.47,,Fashion,Saving,,,,,,synthetic
2024-07-17,,,,-240.42,,Transport,Expenses,,,,,,synthetic
2024-07-17,,,,-2499.44,,Savings,Expenses,,,,,,synthetic
2024-07-17,,,,-390.94,,Other Expenses,Expenses,,,,,,synthetic
2024-07-17,,,,2359.88,,Fashion,Income,,,,,,synthetic
2024-07-18,,,,2856.12,,Salary,Income,,,,,,synthetic
2024-07-19,,,,-1741.35,,Medical,Saving,,,,,,synthetic
2024-07-19,,,,-1108.93,,Savings,Expenses,,,,,,synthetic
2024-07-20,,,,-2910.47,,Transport,Saving,,,,,,synthetic
2024-07-21,,,,-2540.88,,Savings,Expenses,,,,,,synthetic
2024-07-21,,,,-1795.75,,Transport,Expenses,,,,,,synthetic
2024-07-21,,,,-552.13,,Salary,Expenses,,,,,,synthetic
2024-07-22,,,,-1492.47,,Medical,Saving,,,,,,synthetic
2024-07-22,,,,860.48,,Medical,Income,,,,,,synthetic
2024-07-22,,,,-1863.19,,Other Expenses,Saving,,,,,,synthetic
2024-07-23,,,,-496.75,,Living Expenses,Saving,,,,,,synthetic
2024-07-24,,,,-2326.61,,Fashion,Expenses,,,,,,synthetic
2024-07-25,,,,-77.76,,Salary,Expenses,,,,,,synthetic
2024-07-26,,,,-2127.78,,Fashion,Expenses,,,,,,synthetic
2024-07-26,,,,447.38,,Fashion,Income,,,,,,synthetic
2024-07-28,,,,-2453.03,,Transport,Expenses,,,,,,synthetic
2024-07-28,,,,3891.07,,Transport,Income,,,,,,synthetic
2024-07-29,,,,1658.6,,Savings,Income,,,,,,synthetic
2024-07-29,,,,-749.74,,Other Expenses,Expenses,,,,,,synthetic
2024-08-01,,,,3087.98,,Salary,Income,,,,,,synthetic
2024-08-01,,,,-1138.01,,Fashion,Expenses,,,,,,synthetic
2024-08-02,,,,-2611.71,,Savings,Expenses,,,,,,synthetic
2024-08-02,,,,-1999.15,,Transport,Saving,,,,,,synthetic
2024-08-03,,,,1783.35,,Living Expenses,Income,,,,,,synthetic
2024-08-03,,,,-1264.38,,Savings,Saving,,,,,,synthetic
2024-08-03,,,,-270.44,,Fashion,Saving,,,,,,synthetic
2024-08-04,,,,-363.22,,Transport,Expenses,,,,,,synthetic
2024-08-05,,,,-393.01,,Savings,Expenses,,,,,,synthetic
2024-08-05,,,,-2171.54,,Salary,Expenses,,,,,,synthetic
2024-08-05,,,,3936.87,,Salary,Income,,,,,,synthetic
2024-08-07,,,,4220.74,,Other Expenses,Income,,,,,,synthetic
2024-08-07,,,,-2134.31,,Savings,Expenses,,,,,,synthetic
2024-08-08,,,,2396.24,,Other Expenses,Income,,,,,,synthetic
2024-08-09,,,,1582.9,,Salary,Income,,,,,,synthetic
2024-08-09,,,,4639.66,,Medical,Income,,,,,,synthetic
2024-08-09,,,,244.48,,Other Expenses,Income,,,,,,synthetic
2024-08-10,,,,-2353.05,,Other Expenses,Saving,,,,,,synthetic
2024-08-11,,,,1519.91,,Living Expenses,Income,,,,,,synthetic
2024-08-12,,,,-534.97,,Fashion,Expenses,,,,,,synthetic
2024-08-12,,,,-1662.97,,Transport,Saving,,,,,,synthetic
2024-08-12,,,,-2479.43,,Savings,Expenses,,,,,,synthetic
2024-08-12,,,,2090.74,,Living Expenses,Income,,,,,,synthetic
2024-08-13,,,,-1510.23,,Savings,Expenses,,,,,,synthetic
2024-08-14,,,,3255.77,,Other Expenses,Income,,,,,,synthetic
2024-08-16,,,,-1595.95,,Savings,Expenses,,,,,,synthetic
2024-08-16,,,,-2086.43,,Fashion,Saving,,,,,,synthetic
2024-08-16,,,,-1941.82,,Transport,Expenses,,,,,,synthetic
2024-08-17,,,,-1556.05,,Salary,Expenses,,,,,,synthetic
2024-08-17,,,,-1247.74,,Other Expenses,Expenses,,,,,,synthetic
2024-08-17,,,,2735.78,,Savings,Income,,,,,,synthetic
2024-08-17,,,,-705.73,,Savings,Saving,,,,,,synthetic
2024-08-18,,,,3775.95,,Living Expenses,Income,,,,,,synthetic
2024-08-18,,,,-1046.7,,Salary,Expenses,,,,,,synthetic
2024-08-20,,,,-866.76,,Fashion,Expenses,,,,,,synthetic
2024-08-21,,,,-1105.61,,Salary,Expenses,,,,,,synthetic
2024-08-22,,,,-2422.51,,Savings,Expenses,,,,,,synthetic
2024-08-22,,,,-1031.12,,Transport,Saving,,,,,,synthetic
2024-08-22,,,,-2270.69,,Living Expenses,Saving,,,,,,synthetic
2024-08-23,,,,-2156.47,,Living Expenses,Expenses,,,,,,synthetic
2024-08-25,,,,4314.13,,Medical,Income,,,,,,synthetic
2024-08-25,,,,3263.32,,Living Expenses,Income,,,,,,synthetic
2024-08-26,,,,-1090.59,,Savings,Saving,,,,,,synthetic
2024-08-27,,,,638.37,,Other Expenses,Income,,,,,,synthetic
2024-08-29,,,,-149.73,,Medical,Expenses,,,,,,synthetic
2024-08-29,,,,-1365.63,,Living Expenses,Expenses,,,,,,synthetic
2024-08-30,,,,-2738.13,,Living Expenses,Expenses,,,,,,synthetic
2024-08-30,,,,-2073.62,,Fashion,Saving,,,,,,synthetic
2024-09-01,,,,-2397.54,,Living Expenses,Expenses,,,,,,synthetic
2024-09-02,,,,-123.49,,Medical,Saving,,,,,,synthetic
2024-09-02,,,,-1261.43,,Living Expenses,Saving,,,,,,synthetic
2024-09-04,,,,-843.97,,Fashion,Expenses,,,,,,synthetic
2024-09-04,,,,2651.96,,Fashion,Income,,,,,,synthetic
2024-09-04,,,,-317.14,,Medical,Expenses,,,,,,synthetic
2024-09-04,,,,2191.37,,Living Expenses,Income,,,,,,synthetic
2024-09-04,,,,3971.58,,Savings,Income,,,,,,synthetic
2024-09-05,,,,2936.36,,Medical,Income,,,,,,synthetic
2024-09-05,,,,4795.33,,Living Expenses,Income,,,,,,synthetic
2024-09-06,,,,-797.75,,Living Expenses,Expenses,,,,,,synthetic
2024-09-06,,,,2590.58,,Fashion,Income,,,,,,synthetic
2024-09-10,,,,646.66,,Medical,Income,,,,,,synthetic
2024-09-10,,,,-724.18,,Other Expenses,Saving,,,,,,synthetic
2024-09-12,,,,-2350.28,,Transport,Saving,,,,,,synthetic
2024-09-12,,,,-2822.28,,Transport,Saving,,,,,,synthetic
2024-09-13,,,,2252.51,,Other Expenses,Income,,,,,,synthetic
2024-09-13,,,,3137.35,,Savings,Income,,,,,,synthetic
2024-09-14,,,,-2763.23,,Other Expenses,Expenses,,,,,,synthetic
2024-09-14,,,,-1444.41,,Salary,Saving,,,,,,synthetic
2024-09-15,,,,-44.37,,Other Expenses,Saving,,,,,,synthetic
2024-09-15,,,,-1026.51,,Other Expenses,Expenses,,,,,,synthetic
2024-09-16,,,,-577.14,,Medical,Saving,,,,,,synthetic
2024-09-16,,,,496.44,,Savings,Income,,,,,,synthetic
2024-09-16,,,,-180.02,,Fashion,Expenses,,,,,,synthetic
2024-09-17,,,,-1840.91,,Savings,Saving,,,,,,synthetic
2024-09-20,,,,-946.63,,Medical,Expenses,,,,,,synthetic
2024-09-23,,,,649.74,,Salary,Income,,,,,,synthetic
2024-09-24,,,,2307.54,,Other Expenses,Income,,,,,,synthetic
2024-09-24,,,,827.43,,Salary,Income,,,,,,synthetic
2024-09-25,,,,-1028.87,,Other Expenses,Saving,,,,,,synthetic
2024-09-27,,,,-2539.21,,Salary,Expenses,,,,,,synthetic
2024-09-29,,,,788.66,,Transport,Income,,,,,,synthetic
2024-09-29,,,,-114.57,,Salary,Expenses,,,,,,synthetic
2024-09-29,,,,1274.1,,Medical,Income,,,,,,synthetic
2024-09-30,,,,4877.11,,Other Expenses,Income,,,,,,synthetic
2024-10-01,,,,-269.12,,Living Expenses,Expenses,,,,,,synthetic
2024-10-02,,,,-272.56,,Savings,Saving,,,,,,synthetic
2024-10-02,,,,3248.27,,Other Expenses,Income,,,,,,synthetic
2024-10-03,,,,-1810.98,,Living Expenses,Saving,,,,,,synthetic
2024-10-03,,,,-916.83,,Savings,Saving,,,,,,synthetic
2024-10-03,,,,-2942.84,,Fashion,Expenses,,,,,,synthetic
2024-10-05,,,,3811.74,,Salary,Income,,,,,,synthetic
2024-10-05,,,,-2511.36,,Fashion,Saving,,,,,,synthetic
2024-10-06,,,,665.27,,Living Expenses,Income,,,,,,synthetic
2024-10-06,,,,-718.33,,Transport,Expenses,,,,,,synthetic
2024-10-07,,,,1169.93,,Transport,Income,,,,,,synthetic
2024-10-08,,,,-2531.7,,Fashion,Expenses,,,,,,synthetic
2024-10-08,,,,-1581.09,,Transport,Expenses,,,,,,synthetic
2024-10-09,,,,4548.12,,Savings,Income,,,,,,synthetic
2024-10-09,,,,-592.18,,Other Expenses,Expenses,,,,,,synthetic
2024-10-10,,,,-1389.09,,Salary,Saving,,,,,,synthetic
2024-10-10,,,,-1784.77,,Living Expenses,Expenses,,,,,,synthetic
2024-10-11,,,,-2044.64,,Medical,Saving,,,,,,synthetic
2024-10-11,,,,-628.69,,Other Expenses,Expenses,,,,,,synthetic
2024-10-11,,,,-923.5,,Medical,Expenses,,,,,,synthetic
2024-10-12,,,,-511.83,,Transport,Saving,,,,,,synthetic
2024-10-13,,,,-2018.47,,Fashion,Saving,,,,,,synthetic
2024-10-13,,,,-1602.15,,Transport,Saving,,,,,,synthetic
2024-10-13,,,,2918.34,,Living Expenses,Income,,,,,,synthetic
2024-10-14,,,,4896.76,,Medical,Income,,,,,,synthetic
2024-10-14,,,,-1163.86,,Savings,Expenses,,,,,,synthetic
2024-10-14,,,,-1951.89,,Fashion,Expenses,,,,,,synthetic
2024-10-15,,,,630.17,,Salary,Income,,,,,,synthetic
2024-10-18,,,,1423.98,,Transport,Income,,,,,,synthetic
2024-10-18,,,,-107.86,,Transport,Expenses,,,,,,synthetic
2024-10-18,,,,-1259.22,,Savings,Expenses,,,,,,synthetic
2024-10-19,,,,4867.42,,Salary,Income,,,,,,synthetic
2024-10-20,,,,2449.75,,Transport,Income,,,,,,synthetic
2024-10-20,,,,-2443.21,,Salary,Saving,,,,,,synthetic
2024-10-21,,,,2741.2,,Salary,Income,,,,,,synthetic
2024-10-21,,,,-2259.01,,Medical,Saving,,,,,,synthetic
2024-10-22,,,,-1567.61,,Other Expenses,Expenses,,,,,,synthetic
2024-10-22,,,,-2793.86,,Salary,Expenses,,,,,,synthetic
2024-10-23,,,,4795.22,,Transport,Income,,,,,,synthetic
2024-10-25,,,,-1110.02,,Other Expenses,Saving,,,,,,synthetic
2024-10-26,,,,2260.31,,Medical,Income,,,,,,synthetic
2024-10-26,,,,-2242.5,,Medical,Expenses,,,,,,synthetic
2024-10-27,,,,-962.21,,Other Expenses,Expenses,,,,,,synthetic
2024-10-28,,,,-589.49,,Salary,Saving,,,,,,synthetic
2024-10-30,,,,-688.25,,Fashion,Expenses,,,,,,synthetic
2024-10-31,,,,-75.85,,Salary,Expenses,,,,,,synthetic
2024-11-01,,,,-2410.66,,Other Expenses,Expenses,,,,,,synthetic
2024-11-02,,,,3936.42,,Salary,Income,,,,,,synthetic
2024-11-02,,,,-1951.15,,Fashion,Saving,,,,,,synthetic
2024-11-03,,,,-728.17,,Medical,Expenses,,,,,,synthetic
2024-11-04,,,,-2120.6,,Other Expenses,Expenses,,,,,,synthetic
2024-11-06,,,,-2736.5,,Savings,Saving,,,,,,synthetic
2024-11-06,,,,1207.42,,Salary,Income,,,,,,synthetic
2024-11-07,,,,-560.84,,Transport,Expenses,,,,,,synthetic
2024-11-07,,,,4227.53,,Savings,Income,,,,,,synthetic
2024-11-07,,,,1456.53,,Savings,Income,,,,,,synthetic
2024-11-10,,,,1800.14,,Savings,Income,,,,,,synthetic
2024-11-10,,,,-2590.66,,Other Expenses,Saving,,,,,,synthetic
2024-11-11,,,,978.79,,Transport,Income,,,,,,synthetic
2024-11-11,,,,-1068.92,,Salary,Expenses,,,,,,synthetic
2024-11-11,,,,-967.81,,Fashion,Expenses,,,,,,synthetic
2024-11-14,,,,-1826.83,,Medical,Expenses,,,,,,synthetic
2024-11-14,,,,2411.0,,Living Expenses,Income,,,,,,synthetic
2024-11-14,,,,-2140.8,,Living Expenses,Expenses,,,,,,synthetic
2024-11-16,,,,-129.36,,Transport,Saving,,,,,,synthetic
2024-11-17,,,,-2363.51,,Savings,Saving,,,,,,synthetic
2024-11-17,,,,-1352.45,,Transport,Expenses,,,,,,synthetic
2024-11-19,,,,4074.66,,Savings,Income,,,,,,synthetic
2024-11-19,,,,3757.91,,Other Expenses,Income,,,,,,synthetic
2024-11-20,,,,-1995.74,,Savings,Saving,,,,,,synthetic
2024-11-21,,,,-1075.78,,Other Expenses,Saving,,,,,,synthetic
2024-11-21,,,,-2842.24,,Salary,Expenses,,,,,,synthetic
2024-11-22,,,,3014.64,,Savings,Income,,,,,,synthetic
2024-11-24,,,,-682.85,,Medical,Expenses,,,,,,synthetic
2024-11-24,,,,-1155.84,,Fashion,Saving,,,,,,synthetic
2024-11-24,,,,-2039.28,,Transport,Expenses,,,,,,synthetic
2024-11-24,,,,-1382.2,,Fashion,Saving,,,,,,synthetic
2024-11-25,,,,-2631.25,,Living Expenses,Expenses,,,,,,synthetic
2024-11-25,,,,-965.55,,Savings,Saving,,,,,,synthetic
2024-11-25,,,,-1468.25,,Salary,Saving,,,,,,synthetic
2024-11-25,,,,-311.77,,Medical,Saving,,,,,,synthetic
2024-11-27,,,,-816.99,,Fashion,Saving,,,,,,synthetic
2024-11-29,,,,3243.79,,Other Expenses,Income,,,,,,synthetic
2024-12-02,,,,1608.52,,Transport,Income,,,,,,synthetic
2024-12-03,,,,-2471.38,,Other Expenses,Saving,,,,,,synthetic
2024-12-04,,,,4765.61,,Other Expenses,Income,,,,,,synthetic
2024-12-05,,,,4679.65,,Other Expenses,Income,,,,,,synthetic
2024-12-05,,,,-2902.8,,Medical,Expenses,,,,,,synthetic
2024-12-05,,,,-2597.43,,Salary,Expenses,,,,,,synthetic
2024-12-05,,,,-2120.0,,Living Expenses,Saving,,,,,,synthetic
2024-12-07,,,,-151.38,,Transport,Expenses,,,,,,synthetic
2024-12-09,,,,-758.8,,Other Expenses,Expenses,,,,,,synthetic
2024-12-09,,,,-489.15,,Medical,Saving,,,,,,synthetic
2024-12-09,,,,-309.55,,Living Expenses,Saving,,,,,,synthetic
2024-12-09,,,,-2598.48,,Fashion,Expenses,,,,,,synthetic
2024-12-09,,,,-1134.41,,Transport,Saving,,,,,,synthetic
2024-12-11,,,,250.63,,Transport,Income,,,,,,synthetic
2024-12-11,,,,-413.88,,Transport,Saving,,,,,,synthetic
2024-12-11,,,,-397.22,,Fashion,Saving,,,,,,synthetic
2024-12-11,,,,-582.17,,Savings,Saving,,,,,,synthetic
2024-12-12,,,,2383.9,,Transport,Income,,,,,,synthetic
2024-12-12,,,,3065.24,,Savings,Income,,,,,,synthetic
2024-12-12,,,,-1623.9,,Transport,Expenses,,,,,,synthetic
2024-12-14,,,,-1349.89,,Other Expenses,Saving,,,,,,synthetic
2024-12-15,,,,-1361.21,,Fashion,Expenses,,,,,,synthetic
2024-12-16,,,,-2985.39,,Transport,Saving,,,,,,synthetic
2024-12-16,,,,3485.26,,Salary,Income,,,,,,synthetic
2024-12-17,,,,-772.21,,Savings,Saving,,,,,,synthetic
2024-12-17,,,,-1785.57,,Medical,Saving,,,,,,synthetic
2024-12-18,,,,-398.13,,Other Expenses,Saving,,,,,,synthetic
2024-12-19,,,,-275.37,,Fashion,Expenses,,,,,,synthetic
2024-12-19,,,,1021.76,,Savings,Income,,,,,,synthetic
2024-12-20,,,,-1150.21,,Salary,Expenses,,,,,,synthetic
2024-12-22,,,,-2399.57,,Savings,Expenses,,,,,,synthetic
2024-12-23,,,,-2986.36,,Fashion,Saving,,,,,,synthetic
2024-12-23,,,,420.53,,Medical,Income,,,,,,synthetic
2024-12-23,,,,-106.49,,Transport,Expenses,,,,,,synthetic
2024-12-24,,,,-538.79,,Fashion,Saving,,,,,,synthetic
2024-12-25,,,,-1910.2,,Transport,Saving,,,,,,synthetic
2024-12-26,,,,-137.48,,Fashion,Saving,,,,,,synthetic
2024-12-27,,,,528.38,,Fashion,Income,,,,,,synthetic
2024-12-27,,,,4922.89,,Salary,Income,,,,,,synthetic
2024-12-28,,,,-1718.15,,Living Expenses,Expenses,,,,,,synthetic
2024-12-29,,,,2971.27,,Medical,Income,,,,,,synthetic
2024-12-30,,,,-27.37,,Other Expenses,Saving,,,,,,synthetic
2024-12-30,,,,-25.36,,Living Expenses,Saving,,,,,,synthetic
2024-12-31,,,,-1489.38,,Living Expenses,Expenses,,,,,,synthetic
2024-12-31,,,,-1704.38,,Fashion,Saving,,,,,,synthetic
2024-12-31,,,,-255.29,,Transport,Expenses,,,,,,synthetic
2025-01-01,,,,-2187.66,,Medical,Saving,,,,,,synthetic
2025-01-02,,,,-621.72,,Fashion,Expenses,,,,,,synthetic
2025-01-02,,,,-1285.01,,Salary,Saving,,,,,,synthetic
2025-01-03,,,,-1249.78,,Salary,Saving,,,,,,synthetic
2025-01-08,,,,-1372.16,,Other Expenses,Saving,,,,,,synthetic
2025-01-08,,,,-1759.43,,Salary,Expenses,,,,,,synthetic
2025-01-10,,,,-2693.19,,Medical,Saving,,,,,,synthetic
2025-01-10,,,,-2991.84,,Fashion,Expenses,,,,,,synthetic
2025-01-11,,,,-1420.34,,Fashion,Saving,,,,,,synthetic
2025-01-12,,,,1788.75,,Savings,Income,,,,,,synthetic
2025-01-12,,,,3452.94,,Fashion,Income,,,,,,synthetic
2025-01-12,,,,2591.67,,Medical,Income,,,,,,synthetic
2025-01-13,,,,-1224.21,,Salary,Saving,,,,,,synthetic
2025-01-13,,,,-1124.3,,Transport,Saving,,,,,,synthetic
2025-01-13,,,,-2681.22,,Other Expenses,Expenses,,,,,,synthetic
2025-01-13,,,,-1330.82,,Living Expenses,Expenses,,,,,,synthetic
2025-01-15,,,,4815.05,,Other Expenses,Income,,,,,,synthetic
2025-01-15,,,,-1883.72,,Medical,Expenses,,,,,,synthetic
2025-01-16,,,,-1203.51,,Savings,Saving,,,,,,synthetic
2025-01-16,,,,-2452.53,,Other Expenses,Saving,,,,,,synthetic
2025-01-17,,,,3596.58,,Salary,Income,,,,,,synthetic
2025-01-17,,,,-399.79,,Living Expenses,Expenses,,,,,,synthetic
2025-01-17,,,,-2964.31,,Other Expenses,Saving,,,,,,synthetic
2025-01-17,,,,4601.12,,Transport,Income,,,,,,synthetic
2025-01-17,,,,-2851.76,,Other Expenses,Expenses,,,,,,synthetic
2025-01-18,,,,4231.34,,Medical,Income,,,,,,synthetic
2025-01-18,,,,-2892.8,,Transport,Saving,,,,,,synthetic
2025-01-20,,,,-2503.42,,Transport,Saving,,,,,,synthetic
2025-01-21,,,,-2173.88,,Savings,Saving,,,,,,synthetic
2025-01-22,,,,-1435.18,,Savings,Expenses,,,,,,synthetic
2025-01-22,,,,-2671.01,,Savings,Saving,,,,,,synthetic
2025-01-24,,,,3582.73,,Transport,Income,,,,,,synthetic
2025-01-24,,,,-286.07,,Savings,Saving,,,,,,synthetic
2025-01-25,,,,2390.95,,Living Expenses,Income,,,,,,synthetic
2025-01-25,,,,-2243.95,,Savings,Saving,,,,,,synthetic
2025-01-26,,,,-2872.57,,Savings,Saving,,,,,,synthetic
2025-01-27,,,,4120.18,,Salary,Income,,,,,,synthetic
2025-01-30,,,,4854.03,,Fashion,Income,,,,,,synthetic
2025-01-30,,,,-2470.55,,Medical,Expenses,,,,,,synthetic
2025-01-31,,,,-1832.73,,Salary,Expenses,,,,,,synthetic
2025-01-31,,,,-1777.57,,Other Expenses,Saving,,,,,,synthetic
2025-01-31,,,,-135.57,,Fashion,Expenses,,,,,,synthetic
2025-02-01,,,,-453.8,,Other Expenses,Expenses,,,,,,synthetic
2025-02-03,,,,-529.99,,Savings,Saving,,,,,,synthetic
2025-02-04,,,,-416.31,,Fashion,Saving,,,,,,synthetic
2025-02-04,,,,3861.08,,Fashion,Income,,,,,,synthetic
2025-02-05,,,,-2815.25,,Savings,Saving,,,,,,synthetic
2025-02-05,,,,-1261.37,,Living Expenses,Saving,,,,,,synthetic
2025-02-06,,,,-2121.58,,Fashion,Expenses,,,,,,synthetic
2025-02-07,,,,3465.64,,Medical,Income,,,,,,synthetic
2025-02-07,,,,-1477.23,,Fashion,Saving,,,,,,synthetic
2025-02-09,,,,-1925.62,,Transport,Expenses,,,,,,synthetic
2025-02-09,,,,-729.25,,Salary,Saving,,,,,,synthetic
2025-02-11,,,,2978.81,,Savings,Income,,,,,,synthetic
2025-02-11,,,,1509.4,,Medical,Income,,,,,,synthetic
2025-02-13,,,,-2247.49,,Other Expenses,Expenses,,,,,,synthetic
2025-02-14,,,,-1658.18,,Medical,Expenses,,,,,,synthetic
2025-02-14,,,,2689.68,,Fashion,Income,,,,,,synthetic
2025-02-14,,,,1624.2,,Living Expenses,Income,,,,,,synthetic
2025-02-15,,,,-1025.75,,Transport,Expenses,,,,,,synthetic
2025-02-15,,,,3754.6,,Salary,Income,,,,,,synthetic
2025-02-17,,,,-1365.43,,Transport,Saving,,,,,,synthetic
2025-02-18,,,,1299.43,,Medical,Income,,,,,,synthetic
2025-02-18,,,,-810.49,,Fashion,Saving,,,,,,synthetic
2025-02-19,,,,3439.22,,Other Expenses,Income,,,,,,synthetic
2025-02-19,,,,2320.3,,Living Expenses,Income,,,,,,synthetic
2025-02-20,,,,3129.53,,Savings,Income,,,,,,synthetic
2025-02-20,,,,2005.73,,Savings,Income,,,,,,synthetic
2025-02-22,,,,-2066.83,,Medical,Saving,,,,,,synthetic
2025-02-22,,,,2189.32,,Transport,Income,,,,,,synthetic
2025-02-23,,,,-2088.06,,Savings,Expenses,,,,,,synthetic
2025-02-25,,,,2917.48,,Savings,Income,,,,,,synthetic
2025-02-25,,,,3823.73,,Other Expenses,Income,,,,,,synthetic
2025-02-27,,,,3637.02,,Living Expenses,Income,,,,,,synthetic
2025-03-01,,,,1662.36,,Salary,Income,,,,,,synthetic
2025-03-03,,,,-24.36,,Salary,Expenses,,,,,,synthetic
2025-03-03,,,,-2117.59,,Salary,Saving,,,,,,synthetic
2025-03-03,,,,1356.65,,Savings,Income,,,,,,synthetic
2025-03-04,,,,-2686.02,,Fashion,Expenses,,,,,,synthetic
2025-03-05,,,,-1555.82,,Salary,Saving,,,,,,synthetic
2025-03-05,,,,643.03,,Other Expenses,Income,,,,,,synthetic
2025-03-06,,,,-2764.36,,Salary,Saving,,,,,,synthetic
2025-03-06,,,,-1730.92,,Salary,Saving,,,,,,synthetic
2025-03-08,,,,2907.0,,Other Expenses,Income,,,,,,synthetic
2025-03-10,,,,-2387.9,,Salary,Saving,,,,,,synthetic
2025-03-10,,,,-1705.64,,Living Expenses,Expenses,,,,,,synthetic
2025-03-12,,,,-517.31,,Medical,Saving,,,,,,synthetic
2025-03-12,,,,-2249.84,,Living Expenses,Saving,,,,,,synthetic
2025-03-13,,,,-2647.33,,Transport,Saving,,,,,,synthetic
2025-03-14,,,,-132.07,,Transport,Expenses,,,,,,synthetic
2025-03-17,,,,-1555.54,,Medical,Expenses,,,,,,synthetic
2025-03-18,,,,-2284.43,,Medical,Saving,,,,,,synthetic
2025-03-18,,,,902.93,,Living Expenses,Income,,,,,,synthetic
2025-03-18,,,,-912.15,,Fashion,Saving,,,,,,synthetic
2025-03-19,,,,-248.66,,Other Expenses,Expenses,,,,,,synthetic
2025-03-20,,,,-2317.87,,Medical,Saving,,,,,,synthetic
2025-03-22,,,,267.6,,Fashion,Income,,,,,,synthetic
2025-03-23,,,,-1077.93,,Fashion,Saving,,,,,,synthetic
2025-03-24,,,,-2921.7,,Transport,Expenses,,,,,,synthetic
2025-03-24,,,,-1215.47,,Salary,Expenses,,,,,,synthetic
2025-03-25,,,,-277.43,,Other Expenses,Expenses,,,,,,synthetic
2025-03-25,,,,526.25,,Fashion,Income,,,,,,synthetic
2025-03-26,,,,-295.54,,Transport,Expenses,,,,,,synthetic
2025-03-28,,,,4197.88,,Salary,Income,,,,,,synthetic
2025-03-28,,,,558.5,,Other Expenses,Income,,,,,,synthetic
2025-03-29,,,,-116.5,,Medical,Saving,,,,,,synthetic
2025-03-29,,,,-1035.3,,Transport,Expenses,,,,,,synthetic
2025-03-30,,,,-532.18,,Salary,Expenses,,,,,,synthetic
2025-03-30,,,,-2803.03,,Fashion,Saving,,,,,,synthetic
2025-03-31,,,,-1463.34,,Transport,Saving,,,,,,synthetic
2025-03-31,,,,3798.93,,Other Expenses,Income,,,,,,synthetic
2025-03-31,,,,-25.04,,Fashion,Expenses,,,,,,synthetic
2025-03-31,,,,2945.41,,Savings,Income,,,,,,synthetic
2025-04-01,,,,-2016.67,,Salary,Saving,,,,,,synthetic
2025-04-01,,,,1602.03,,Salary,Income,,,,,,synthetic
2025-04-01,,,,-2522.88,,Transport,Saving,,,,,,synthetic
2025-04-02,,,,-341.73,,Transport,Saving,,,,,,synthetic
2025-04-02,,,,-29.67,,Living Expenses,Expenses,,,,,,synthetic
2025-04-03,,,,-2656.26,,Living Expenses,Saving,,,,,,synthetic
2025-04-04,,,,-644.75,,Transport,Saving,,,,,,synthetic
2025-04-04,,,,2038.74,,Salary,Income,,,,,,synthetic
2025-04-04,,,,1520.08,,Salary,Income,,,,,,synthetic
2025-04-05,,,,4848.31,,Fashion,Income,,,,,,synthetic
2025-04-05,,,,1608.8,,Other Expenses,Income,,,,,,synthetic
2025-04-07,,,,-1408.45,,Other Expenses,Saving,,,,,,synthetic
2025-04-07,,,,-1753.04,,Other Expenses,Saving,,,,,,synthetic
2025-04-08,,,,2693.33,,Savings,Income,,,,,,synthetic
2025-04-08,,,,3352.95,,Salary,Income,,,,,,synthetic
2025-04-08,,,,-2638.59,,Salary,Expenses,,,,,,synthetic
2025-04-08,,,,-436.99,,Other Expenses,Saving,,,,,,synthetic
2025-04-09,,,,-439.12,,Salary,Expenses,,,,,,synthetic
2025-04-09,,,,-2191.82,,Other Expenses,Expenses,,,,,,synthetic
2025-04-10,,,,-474.1,,Salary,Saving,,,,,,synthetic
2025-04-10,,,,-2017.96,,Salary,Saving,,,,,,synthetic
2025-04-12,,,,-2602.01,,Salary,Saving,,,,,,synthetic
2025-04-12,,,,-1089.7,,Transport,Saving,,,,,,synthetic
2025-04-13,,,,-1706.47,,Savings,Expenses,,,,,,synthetic
2025-04-14,,,,-1301.14,,Salary,Expenses,,,,,,synthetic
2025-04-14,,,,-692.55,,Medical,Saving,,,,,,synthetic
2025-04-14,,,,834.37,,Living Expenses,Income,,,,,,synthetic
2025-04-14,,,,-941.67,,Other Expenses,Saving,,,,,,synthetic
2025-04-15,,,,1774.02,,Salary,Income,,,,,,synthetic
2025-04-15,,,,-98.24,,Fashion,Saving,,,,,,synthetic
2025-04-15,,,,4269.88,,Fashion,Income,,,,,,synthetic
2025-04-16,,,,-417.35,,Salary,Expenses,,,,,,synthetic
2025-04-16,,,,236.9,,Savings,Income,,,,,,synthetic
2025-04-16,,,,3641.21,,Fashion,Income,,,,,,synthetic
2025-04-18,,,,-561.88,,Transport,Expenses,,,,,,synthetic
2025-04-18,,,,-2825.58,,Transport,Expenses,,,,,,synthetic
2025-04-18,,,,-525.68,,Medical,Saving,,,,,,synthetic
2025-04-20,,,,-2848.39,,Living Expenses,Saving,,,,,,synthetic
2025-04-20,,,,-261.94,,Other Expenses,Saving,,,,,,synthetic
2025-04-20,,,,-2921.34,,Medical,Saving,,,,,,synthetic
2025-04-22,,,,-1629.15,,Other Expenses,Saving,,,,,,synthetic
2025-04-23,,,,3104.46,,Savings,Income,,,,,,synthetic
2025-04-24,,,,-2488.88,,Fashion,Expenses,,,,,,synthetic
2025-04-24,,,,-2932.89,,Other Expenses,Saving,,,,,,synthetic
2025-04-25,,,,-2039.74,,Savings,Expenses,,,,,,synthetic
2025-04-25,,,,4663.63,,Fashion,Income,,,,,,synthetic
2025-04-26,,,,-1219.15,,Transport,Expenses,,,,,,synthetic
2025-04-26,,,,-1562.88,,Living Expenses,Expenses,,,,,,synthetic
